grid,obstacle,side,Quad,goal_dist,start_dist,wall_dist,center_dist,dVGC,sVGC,Moves,sVGCPriors,JITprob,JITnew,sVGCPriorNew,JITPriors,RandomForgetsVGC,RandomForgetsVGC025,RandomForgetsVGC010,RandomForgetsVGC040,RandomForgetsVGC033,TargetForgetsVGC,SpatialsVGC,SpatialsVGC025,SpatialsVGC010,SpatialsVGC033,SpatialsVGC040,JITRandom010,JITRandom016,JITRandom025,JITRandom033,JITRandom040,SpatialJIT,SpatialJIT025,SpatialJIT010,SpatialJIT033,SpatialJIT040
grid-000-l,obs-0,L,NaN,5,5,3,5,0.275296049,1,18,0.91667045,0.433774034,0.433774034,0.400023594,0.280472375,0.830001816,0.690006613,0.920002149,0.490014134,0.570008883,0.290024001,0.899580089,0.762694595,0.926538121,0.83301552,0.72735217,0.47706551,0.430533691,0.418862116,0.340239704,0.371855039,0.495905615,0.500003287,0.49965615,0.501753752,0.495627297
grid-000-l,obs-1,L,L,1,8,4,6,0.857955212,1,18,0.16839829,0.676851257,0.676851257,0.401400825,0.297441067,0.860001362,0.690002724,0.890000454,0.560005448,0.69000454,0.330007718,0.949997903,0.929410823,0.960139672,0.898549878,0.948838645,0.629284297,0.637369489,0.520618471,0.514439462,0.452701198,0.712054306,0.701602333,0.747023389,0.676585311,0.670098792
grid-000-l,obs-2,R,L,8,13,2,4,0.008031422,4.54E-05,18,0.41628321,0.317805109,0.317805109,0.640016274,0.492888624,4.54E-05,4.54E-05,4.54E-05,4.54E-05,4.54E-05,4.54E-05,0.010044488,0.02955284,0.020043578,0.020043578,0.020043578,0.189434245,0.176319357,0.149182502,0.133310549,0.098274657,0.161124018,0.157888096,0.180776607,0.139733681,0.122998346
grid-000-l,obs-3,R,U,14,5,4,6,0.009848751,4.54E-05,18,0.00012383,0.254041344,0.254041344,0.000576742,0.082170596,4.54E-05,4.54E-05,4.54E-05,4.54E-05,4.54E-05,4.54E-05,4.58E-05,4.66E-05,4.62E-05,4.62E-05,4.58E-05,0.135986263,0.115633726,0.093811614,0.070405885,0.054012997,0.145752748,0.138143584,0.153551451,0.129316496,0.13888365
grid-000-l,obs-4,L,U,8,2,3,5,0.372786962,1,18,0.99999891,0.52433273,0.52433273,0.513954527,0.347994183,0.840001816,0.740001816,0.860000454,0.550003178,0.610003178,0.480006355,0.929740225,0.892388933,0.973465706,0.877279344,0.798074742,0.508328137,0.479161109,0.448248962,0.426576615,0.351155866,0.482923842,0.461174617,0.500180761,0.444454834,0.470305435
grid-000-l,obs-5,R,U,12,8,2,4,0.010786728,4.54E-05,18,0.5000227,0.287892181,0.287892181,0.520040254,0.370362237,4.54E-05,4.54E-05,4.54E-05,4.54E-05,4.54E-05,4.54E-05,0.010044944,0.030044036,0.02004449,0.010178594,0.010178596,0.248709959,0.224378408,0.179946103,0.139797675,0.115503565,0.222023721,0.201521961,0.246804164,0.182209598,0.165046161
grid-001-l,obs-0,L,U,5,10,4,6,0.252526976,1,24,0.75001135,0.479961962,0.479961962,0.972614606,0.351932342,0.612289041,0.433655187,0.793795094,0.262148261,0.305174998,0.990000454,0.926408464,0.795177154,0.931284302,0.804605994,0.706843093,0.189636862,0.171351198,0.133409868,0.110018732,0.090605636,0.318430935,0.407630132,0.30189017,0.428687768,0.465590509
grid-001-l,obs-1,L,L,15,3,6,8,0.16287798,0.99328376,24,0.99328683,0.484260468,0.484260468,0.760977377,0.460107658,0.66551524,0.367543772,0.784703784,0.208625614,0.248355148,0.814501095,0.805022252,0.696505707,0.874461441,0.731029981,0.566424457,0.249051001,0.225655348,0.15688231,0.141318044,0.131204335,0.353732103,0.387017012,0.340634232,0.369056916,0.387157934
grid-001-l,obs-2,R,L,9,4,6,8,0.007804836,4.54E-05,24,4.54E-05,0.248083899,0.248083899,4.54E-05,0.051452063,6.80E-05,6.46E-05,5.44E-05,7.48E-05,7.14E-05,4.54E-05,4.65E-05,5.16E-05,4.54E-05,0.000541885,0.020536763,0.098642127,0.08792812,0.088557818,0.081127442,0.080133036,0.146719223,0.179984102,0.128842634,0.176898424,0.205438007
grid-001-l,obs-3,R,NaN,4,9,1,3,0.382735531,1,24,0.62501608,0.435954003,0.435954003,1,0.474891088,0.78,0.77,0.92,0.6,0.68,1,1,1,1,1,0.980000908,0.431044243,0.44516461,0.384645928,0.352819346,0.332014575,0.531247581,0.588993976,0.5113138,0.552957591,0.627235578
grid-001-l,obs-4,L,L,10,5,1,3,0.388749094,1,24,1,0.537402024,0.537402024,1,0.683519956,0.740009988,0.560010442,0.860003632,0.360018159,0.410014527,1,0.990000454,0.880005448,0.990000454,0.890004994,0.815237449,0.480521452,0.524911249,0.381701528,0.372727461,0.326327538,0.620143808,0.675748018,0.616032948,0.615257606,0.645085111
grid-001-l,obs-5,R,U,2,9,1,3,0.690791999,1,24,0.53534717,0.852712006,0.852712006,0.833922016,0.612329412,0.680009988,0.550010442,0.870003632,0.350018159,0.460014527,0.86,0.910237322,0.760519882,0.960139696,0.730630219,0.680477984,0.798624466,0.63713627,0.539910492,0.513354328,0.369099159,0.934089221,0.9924666,0.935799181,0.857683397,0.771922882
grid-002-l,obs-0,L,L,5,4,1,2,0.687383003,1,17,0.6666818,0.309760384,0.309760384,0.783287033,0.370251279,0.84,0.77,0.91,0.56,0.7,0.83,0.910004086,0.990000227,0.980000908,0.960006433,0.920069612,0.445125935,0.409031864,0.334452925,0.294907742,0.296070096,0.46113781,0.472393244,0.466698814,0.476625437,0.460150225
grid-002-l,obs-1,R,L,14,7,6,8,0.008299014,4.54E-05,17,0.00027913,0.15763369,0.15763369,4.97E-05,0.034976226,4.54E-05,4.54E-05,4.54E-05,4.54E-05,4.54E-05,4.54E-05,4.54E-05,0.016802438,4.54E-05,0.009034282,0.033156231,0.040007659,0.032503496,0.026784475,0.025375499,0.020381766,0.059989559,0.064581138,0.054364883,0.077126438,0.0608771
grid-002-l,obs-2,R,U,7,14,4,6,0.007675028,4.54E-05,17,0.16670509,0.119378742,0.119378742,0.160003442,0.182423756,4.54E-05,4.54E-05,4.54E-05,4.54E-05,4.54E-05,4.54E-05,4.54E-05,0.030033583,0.005039944,0.025039021,0.035038582,0.056570251,0.052563432,0.047106818,0.042702925,0.03563548,0.089822284,0.09721383,0.085497421,0.128687109,0.108363206
grid-002-l,obs-3,L,U,4,7,3,5,0.726382129,0.499600026,17,0.33344219,0.409042052,0.409042052,0.620704142,0.372472896,0.364728275,0.28980408,0.389703007,0.1948937,0.214866886,0.249855708,0.585203768,0.610031903,0.574531092,0.629226139,0.649308223,0.415471175,0.414257957,0.332843484,0.287581832,0.227326851,0.505433529,0.510583345,0.487678854,0.521195095,0.565280397
grid-002-l,obs-4,L,L,8,1,4,6,0.314364158,1,17,0.99998482,0.651379754,0.651379754,0.366070673,0.28288419,0.85,0.72,0.91,0.43,0.69,0.32,0.974987888,0.839961141,0.964976302,0.819949668,0.834192936,0.604731494,0.515482784,0.55172319,0.476696008,0.459513356,0.586755486,0.563779616,0.613996994,0.559493767,0.498283478
grid-002-l,obs-5,R,U,4,14,4,6,0.00804942,4.54E-05,17,0.00605605,0.054567504,0.054567504,0.146952609,0.077291366,4.54E-05,4.54E-05,4.54E-05,4.54E-05,4.54E-05,4.54E-05,4.54E-05,0.020033394,4.54E-05,0.010039396,0.040778451,0.02622077,0.020256171,0.018863981,0.017882286,0.013669944,0.039481962,0.052571776,0.035882043,0.069643662,0.075270149
grid-003-l,obs-0,L,NaN,6,4,2,4,0.43732469,1,17,0.75871783,0.429532391,0.429532391,0.483049967,0.289164175,0.769337717,0.648959651,0.869538645,0.438941542,0.479216847,0.408252911,0.879603138,0.76994339,0.940002724,0.709744959,0.651773639,0.527600667,0.544391545,0.435827013,0.448426766,0.363702724,0.56821107,0.568720025,0.57759821,0.571618714,0.548760156
grid-003-l,obs-1,L,L,8,3,3,5,0.017764757,1,17,1,0.420563716,0.420563716,0.715350121,0.432978824,0.675014301,0.570017707,0.79000908,0.400022702,0.430020887,0.490019977,0.860006356,0.720012711,0.940002724,0.620017251,0.560019975,0.280518628,0.259678433,0.221568844,0.235858362,0.202590592,0.31092489,0.303821742,0.293020554,0.29270601,0.286088836
grid-003-l,obs-2,R,U,7,14,2,4,0.010284859,4.54E-05,17,0.08498765,0.103784464,0.103784464,0.324749855,0.299030038,4.54E-05,4.54E-05,4.54E-05,4.54E-05,4.54E-05,4.54E-05,4.54E-05,0.035036639,0.010044944,4.54E-05,0.040042213,0.070343879,0.071408791,0.061752622,0.05291582,0.051050428,0.090784957,0.07958692,0.078734427,0.076965095,0.078663026
grid-003-l,obs-3,R,U,5,17,5,7,0.011905504,4.54E-05,17,4.54E-05,0.072656475,0.072656475,5.74E-05,0.052294634,4.54E-05,4.54E-05,4.54E-05,4.54E-05,4.54E-05,4.54E-05,4.54E-05,0.010046074,0.010044933,4.54E-05,0.010044906,0.007756259,0.007517878,0.007212675,0.007667824,0.005518016,0.010039937,0.010574107,0.009677804,0.011098622,0.011582795
grid-003-l,obs-4,L,U,1,9,4,6,0.894034782,1,17,0.1921029,0.875801675,0.875801675,0.32104393,0.269131886,0.875,0.750000454,0.910000454,0.600002724,0.640002724,0.430004994,0.920003632,0.969308127,1,0.918617163,0.820207475,0.749122095,0.748022891,0.747045331,0.598924145,0.523543938,0.829820148,0.767470418,0.907506147,0.738631778,0.734983798
grid-003-l,obs-5,R,L,13,9,3,5,0.013027489,4.54E-05,17,0.25003405,0.14598242,0.14598242,0.542128947,0.398412885,4.54E-05,4.54E-05,4.54E-05,4.54E-05,4.54E-05,4.54E-05,4.54E-05,0.040043582,0.010044944,4.54E-05,0.040043582,0.091593273,0.085564437,0.074095104,0.071181854,0.066886993,0.11006499,0.095563215,0.097884487,0.097017483,0.09666138
grid-004-l,obs-0,L,L,5,6,3,5,0.635067712,0.999996261,15,0.66034797,0.88401288,0.88401288,0.479984146,0.47447638,0.846354183,0.694390848,0.912409332,0.634685758,0.662567597,0.501188678,0.93198675,0.888099969,0.942027095,0.883832098,0.844459818,0.693326737,0.684908571,0.60266187,0.49996287,0.500564293,0.839554436,0.80558343,0.865778795,0.824283242,0.818375865
grid-004-l,obs-1,R,L,1,13,1,3,0.011047755,4.54E-05,15,0.25003405,0.110129931,0.110129931,0.180035775,0.172978956,4.54E-05,4.54E-05,4.54E-05,4.54E-05,4.54E-05,4.54E-05,4.54E-05,0.010044944,4.54E-05,0.010044944,0.030044036,0.07345033,0.071230709,0.068465715,0.055078678,0.047450004,0.079595966,0.08248943,0.083811017,0.079005143,0.097076866
grid-004-l,obs-2,L,L,2,11,4,6,0.012972202,4.54E-05,15,0.08337008,0.043333333,0.043333333,4.54E-05,0.032637,4.54E-05,4.54E-05,4.54E-05,4.54E-05,4.54E-05,4.54E-05,0.055483711,0.077002458,0.047763647,0.107001095,0.156238999,0.018118305,0.017489504,0.016950826,0.018679008,0.017012342,0.047834921,0.11172338,0.055576909,0.155359092,0.130779464
grid-004-l,obs-3,L,U,10,3,4,6,0.358517463,1,15,1,0.493547731,0.493547731,0.352328899,0.36677894,0.860005282,0.820007009,0.850005557,0.620015193,0.730010558,0.340026384,0.840007264,0.690014073,0.85000681,0.620017251,0.550020435,0.414227342,0.398583265,0.349729681,0.31648998,0.293538916,0.46164129,0.447837658,0.477083243,0.4701516,0.41385428
grid-004-l,obs-4,R,U,10,10,4,6,0.010477548,4.54E-05,15,0.3333636,0.169305629,0.169305629,0.321092842,0.273619888,4.54E-05,4.54E-05,4.54E-05,4.54E-05,4.54E-05,4.54E-05,4.54E-05,0.010044944,4.54E-05,0.010044944,0.030044036,0.084497977,0.069966763,0.065746144,0.064919227,0.048513171,0.087565574,0.09391097,0.092564045,0.090825452,0.094492656
grid-004-l,obs-5,R,L,5,14,2,4,0.011974341,4.54E-05,15,0.3333636,0.133619062,0.133619062,0.360028147,0.309660641,4.54E-05,4.54E-05,4.54E-05,4.54E-05,4.54E-05,4.54E-05,4.54E-05,0.010044944,4.54E-05,0.010044944,0.030044036,0.080007476,0.075502913,0.069655542,0.058072706,0.07330992,0.07954728,0.078233027,0.082446474,0.066598133,0.073911362
grid-005-l,obs-0,L,U,4,10,2,4,0.00986021,4.54E-05,17,0.1667045,0.362031012,0.362031012,0.640263395,0.279928102,4.54E-05,4.54E-05,4.54E-05,4.54E-05,4.54E-05,4.54E-05,4.54E-05,0.000111793,0.005038819,0.000111793,0.000111793,0.133260373,0.115787756,0.104016529,0.088267469,0.095882805,0.18378166,0.208704666,0.177825169,0.239955359,0.236211906
grid-005-l,obs-1,R,L,16,2,4,6,0.012294059,4.54E-05,17,0.49999993,0.246929891,0.246929891,0.697796565,0.545857903,4.54E-05,4.54E-05,4.54E-05,4.54E-05,4.54E-05,4.54E-05,0.03502219,0.030034671,0.030042669,0.08502567,0.11001184,0.171816408,0.146862068,0.145110168,0.137523639,0.103251969,0.19293548,0.18729534,0.18133422,0.206149801,0.209803394
grid-005-l,obs-2,L,L,10,5,2,4,0.380803794,1,17,0.5000227,0.438562899,0.438562899,0.80119049,0.57759292,0.80000908,0.710013165,0.85000681,0.600018159,0.680014527,0.820008172,1,1,1,1,1,0.54307458,0.499693596,0.500631825,0.399706333,0.392819715,0.596781248,0.566036822,0.572730222,0.573462359,0.588000338
grid-005-l,obs-3,R,NaN,13,6,1,3,0.011482776,4.54E-05,17,0.5000227,0.112986404,0.112986404,0.695401606,0.519782393,4.54E-05,4.54E-05,4.54E-05,4.54E-05,4.54E-05,4.54E-05,4.54E-05,0.010044944,0.010044944,0.010044944,0.010044944,0.101198084,0.10310633,0.104573006,0.088313904,0.085419912,0.110379064,0.109601474,0.105964003,0.116310428,0.126590453
grid-005-l,obs-4,L,U,2,12,4,6,0.795431852,1,17,0.1667045,0.798894926,0.798894926,5.27E-05,0.108343747,0.830007718,0.710013165,0.90000454,0.600018159,0.620017251,4.54E-05,0.990001523,0.980001294,0.990000454,0.950073511,0.960003293,0.698710367,0.619548184,0.568709624,0.542467839,0.511443044,0.834757324,0.769494503,0.807248842,0.775098584,0.790595899
grid-005-l,obs-5,R,U,7,9,3,5,0.011919621,4.54E-05,17,0.1667045,0.111770245,0.111770245,0.080038457,0.188516817,4.54E-05,4.54E-05,4.54E-05,4.54E-05,4.54E-05,4.54E-05,4.54E-05,0.010043779,0.010043779,0.010043779,0.010043779,0.05298121,0.056390658,0.060862369,0.053716465,0.052584443,0.06429963,0.069713473,0.057406802,0.068994181,0.08813539
grid-006-l,obs-0,R,U,3,11,1,3,0.008651273,4.54E-05,17,0.04170923,0.233707219,0.233707219,0.330034682,0.197683003,0.04670816,0.066706012,0.040041766,0.096704287,0.093370756,0.006711459,0.083570734,0.153502463,0.055042107,0.19336776,0.185232139,0.119586532,0.123127577,0.115314711,0.102767538,0.112668577,0.154979598,0.162812369,0.141368453,0.18505921,0.185176214
grid-006-l,obs-1,L,NaN,11,4,1,3,0.01089189,4.54E-05,17,0.45836355,0.206633808,0.206633808,0.453365731,0.340238518,0.04670816,0.066706012,0.040041766,0.096704287,0.093370756,0.006711459,0.063571642,0.053507002,0.045042561,0.113371392,0.145233955,0.13755063,0.13040254,0.138876128,0.119533479,0.108556772,0.156896851,0.162758025,0.140661912,0.167452911,0.180869872
grid-006-l,obs-2,L,L,12,1,2,4,0.27385324,0.999999693,17,0.70813504,0.362441985,0.362441985,0.937512992,0.734918537,0.886669768,0.866669448,0.920001546,0.726675492,0.78333922,0.966667582,0.987939609,0.984900006,0.997942027,0.987705271,0.970384519,0.396328732,0.349260014,0.331263651,0.292824909,0.258699337,0.40864319,0.413718669,0.409357943,0.418721841,0.405419429
grid-006-l,obs-3,R,L,6,7,3,5,0.440654758,1,17,0.41666424,0.581062841,0.581062841,0.557819404,0.375185611,0.80000908,0.730012257,0.930003178,0.540020883,0.740011803,0.560019975,0.949986788,0.960008569,0.934991945,0.910009138,0.94498681,0.462402438,0.420757032,0.403076041,0.341732998,0.29978606,0.489797668,0.498461234,0.502673245,0.472551796,0.46225154
grid-006-l,obs-4,R,U,1,15,5,7,0.865936391,1,17,0.08337495,0.844832459,0.844832459,0.083620985,0.089152972,0.770010442,0.650015889,0.890004994,0.530021337,0.690014073,0.060042674,1,1,1,1,0.990000454,0.757131345,0.654017492,0.611546735,0.461391439,0.466729593,0.764544283,0.735997039,0.788174421,0.718842448,0.707155007
grid-006-l,obs-5,L,U,7,8,4,6,0.010705172,4.54E-05,17,0.41669206,0.176373248,0.176373248,0.260320267,0.208463446,4.57E-05,4.54E-05,4.54E-05,4.64E-05,4.59E-05,4.54E-05,0.003443543,0.003378429,4.54E-05,0.003378429,0.010196558,0.09449795,0.089333289,0.086578414,0.087098074,0.066301204,0.114284095,0.123987681,0.106366566,0.138316696,0.145530175
grid-007-l,obs-0,L,NaN,9,6,1,3,0.01283148,4.54E-05,15,0.58335225,0.1360587,0.1360587,0.233360431,0.205825325,4.54E-05,4.54E-05,4.54E-05,4.54E-05,4.54E-05,4.54E-05,0.000112374,4.54E-05,0.000112374,4.59E-05,0.005178566,0.192226438,0.170827908,0.164049782,0.129893903,0.133285956,0.183780371,0.176876537,0.189191588,0.179546157,0.169148913
grid-007-l,obs-1,L,L,13,3,4,6,0.01247505,4.54E-05,15,4.54E-05,0.279265556,0.279265556,0.080041766,0.163493296,4.54E-05,4.54E-05,4.54E-05,4.54E-05,4.54E-05,4.54E-05,0.005041442,0.005041444,0.005041442,0.005041442,0.025092153,0.171287362,0.16450141,0.157208802,0.145809534,0.125057053,0.206983358,0.206654399,0.202510484,0.216318276,0.222709562
grid-007-l,obs-2,R,NaN,4,9,3,5,0.015255204,4.54E-05,15,0.1667045,0.329662342,0.329662342,0.140043822,0.178404171,4.54E-05,4.54E-05,4.54E-05,4.54E-05,4.54E-05,4.54E-05,0.010076742,0.040107178,0.010076742,0.080084163,0.100072656,0.238669579,0.203621149,0.169891694,0.127483424,0.130942977,0.286398081,0.308068939,0.261077224,0.295030637,0.299682869
grid-007-l,obs-3,R,R,1,10,3,5,0.851439977,1,15,0.70566056,0.751165498,0.751165498,0.550521202,0.430873466,0.86,0.77,0.9,0.62,0.64,0.57,0.99491293,0.994963317,0.99991643,0.989970424,0.984709463,0.68018348,0.605634114,0.57000434,0.562167909,0.393684476,0.711104651,0.685574331,0.726532742,0.671621254,0.672268528
grid-007-l,obs-4,L,U,5,8,3,5,0.01104933,4.54E-05,15,0.22086019,0,0,0.339982669,0.297656063,4.54E-05,4.54E-05,4.54E-05,4.54E-05,4.54E-05,4.54E-05,4.54E-05,4.54E-05,4.54E-05,4.54E-05,0.00011238,0.007827118,0.020096329,0.023491368,0.034852952,0.043752133,0.023788349,0.050316043,0.026277235,0.03296967,0.05858987
grid-007-l,obs-5,R,L,6,3,1,3,0.365697177,1,15,1,0.255273704,0.255273704,0.51344929,0.383461267,0.870005902,0.85000681,0.870005902,0.520021791,0.680014527,0.500022699,0.998346187,0.998279119,0.997519292,0.997452206,0.996625264,0.482368007,0.455292911,0.460897798,0.376027109,0.358406734,0.520671979,0.507415487,0.521125307,0.508580219,0.50504397
grid-008-l,obs-0,L,U,9,4,3,5,0.280939977,0.776946987,19,0.85135793,0.472142332,0.472142332,0.641649026,0.532303236,0.644883686,0.582737073,0.683726408,0.481742485,0.497277436,0.5361511,0.832755312,0.855327957,0.790413683,0.839791126,0.912044885,0.367116532,0.347986912,0.309879939,0.2981823,0.286369289,0.477749656,0.493771764,0.48609456,0.616240329,0.606932761
grid-008-l,obs-1,L,L,11,3,1,3,0.009532783,4.54E-05,19,0.05559591,0.157330055,0.157330055,0.73992197,0.551968071,4.54E-05,4.54E-05,4.54E-05,4.54E-05,4.54E-05,4.54E-05,0.038425492,0.055039379,0.002550642,0.099009847,0.130555752,0.1185617,0.110214816,0.103631049,0.098161957,0.080349146,0.163546492,0.173387626,0.161813466,0.238928902,0.235702952
grid-008-l,obs-2,R,NaN,5,9,1,3,0.011250901,4.54E-05,19,0.05559591,0.107571845,0.107571845,0.719998691,0.373779267,4.54E-05,4.54E-05,4.54E-05,4.54E-05,4.54E-05,4.54E-05,0.063438608,0.160048061,0.042548826,0.159085978,0.150504446,0.03943929,0.041552471,0.037787783,0.042694629,0.04893483,0.065951264,0.078282627,0.058292841,0.127531785,0.111613241
grid-008-l,obs-3,L,U,5,8,3,5,0.013024442,4.54E-05,19,0.32698166,0.46714087,0.46714087,0.176899528,0.24151867,0.111681574,0.197878093,0.092442368,0.258634957,0.240155563,0.113201197,0.212873337,0.359372284,0.106240977,0.447525292,0.470409188,0.280458021,0.255938224,0.255889804,0.202809169,0.249306056,0.374348785,0.391888051,0.370206742,0.50724884,0.521663877
grid-008-l,obs-4,R,U,1,12,4,6,0.856232334,1,19,0.1667045,0.983927069,0.983927069,0.240034502,0.246862509,0.86,0.72,0.9,0.61,0.65,0.22,0.906397429,0.830434743,0.952546792,0.794923124,0.739742224,0.92387058,0.834018427,0.713315948,0.703896585,0.61331259,1.003452499,1.016982599,1.10297569,1.072450756,0.963727574
grid-008-l,obs-5,R,L,8,5,1,3,0.012858172,4.54E-05,19,0.05559591,0.082937725,0.082937725,0.360280239,0.322860427,4.54E-05,4.54E-05,4.54E-05,4.54E-05,4.54E-05,4.54E-05,0.020109666,0.050041993,0.002550642,0.074023555,0.090503994,0.040451079,0.044483015,0.046431243,0.039269864,0.038523373,0.054699707,0.063633935,0.053448355,0.103095922,0.09272833
grid-009-l,obs-0,L,NaN,12,3,1,3,0.010051192,4.54E-05,17,0.6666818,0.298184062,0.298184062,0.666690753,0.26368685,4.54E-05,4.54E-05,4.54E-05,4.54E-05,4.54E-05,4.54E-05,0.107539638,0.180035527,0.070041823,0.11886946,0.314928255,0.276405791,0.260287904,0.225175807,0.184189781,0.196528188,0.309978145,0.330152839,0.301280326,0.37254201,0.387226124
grid-009-l,obs-1,L,L,8,8,5,7,0.012673243,4.54E-05,17,0.00034852,0,0,0.057212238,0.189592584,4.54E-05,4.54E-05,4.54E-05,4.54E-05,4.54E-05,4.54E-05,0.012537198,0.010037566,0.00504466,0.007544291,0.004943278,0.003826128,0.00609683,0.009678428,0.016197437,0.015297453,0.001951832,0.003664355,0.000626053,0.006417642,0.014009882
grid-009-l,obs-2,R,L,1,10,5,7,0.869209639,1,17,0.49968058,0.789135009,0.789135009,0.805464427,0.492249045,0.83,0.73,0.94,0.58,0.64,0.86,0.89000567,0.860011442,0.965001475,0.790013827,0.880011177,0.784053586,0.733282769,0.708317924,0.613435573,0.551125512,0.799094046,0.788823181,0.851634187,0.855719348,0.871112286
grid-009-l,obs-3,R,U,8,3,2,4,0.322012736,1,17,1,0.569864141,0.569864141,0.680276958,0.532592389,0.820008172,0.690014073,0.890004994,0.600018159,0.640016343,0.590018613,0.930003178,0.910004086,0.970001362,0.890004994,0.95000227,0.509224271,0.445514844,0.395367045,0.357584011,0.297413773,0.586344592,0.60843272,0.581013914,0.664828543,0.683113356
grid-009-l,obs-4,L,U,15,3,4,6,0.010987639,4.54E-05,17,4.54E-05,0.36064673,0.36064673,0.12109904,0.232235025,4.54E-05,4.54E-05,4.54E-05,4.54E-05,4.54E-05,4.54E-05,0.037542929,0.085041028,0.025043752,0.057542021,0.109922966,0.138251233,0.12004494,0.109154435,0.077045873,0.072274929,0.183415926,0.211990883,0.178389814,0.237870752,0.267545641
grid-009-l,obs-5,R,L,5,5,1,2,0.013172681,4.54E-05,17,0.6666818,0.057589616,0.057589616,0.79304739,0.540385008,4.54E-05,4.54E-05,4.54E-05,4.54E-05,4.54E-05,4.54E-05,0.106452088,0.120066211,0.045058286,0.128453444,0.164250588,0.052035973,0.066505783,0.079395336,0.092364665,0.096627963,0.106807258,0.109895523,0.070499693,0.203263504,0.242731438
grid-010-l,obs-0,L,U,8,6,4,6,0.117962466,0.006687203,18,0.00668687,0.434738303,0.434738303,0.223470701,0.35493366,0.005241136,0.003790037,0.006104511,0.002543112,0.003148363,0.000980373,0.189264401,0.228932453,0.090414152,0.371685297,0.30315313,0.161835223,0.150350736,0.161488971,0.121366392,0.121687899,0.251960792,0.296172254,0.203039893,0.303592116,0.337087348
grid-010-l,obs-1,R,NaN,12,3,1,3,0.161499009,1,18,1,0.376203007,0.376203007,0.893570935,0.485237938,0.850792685,0.740788198,0.950792685,0.684912998,0.675313903,0.913332607,0.929995203,0.884984965,0.92998659,0.91332455,0.839954346,0.347180923,0.335958125,0.317226722,0.319334029,0.258283292,0.444517009,0.447583408,0.398809112,0.453133686,0.462353687
grid-010-l,obs-2,R,L,8,4,2,4,0.011598088,4.54E-05,18,0.25026137,0,0,0.300018556,0.336346437,0.139631572,0.159624738,0.029641575,0.162555002,0.177358105,0.023374938,0.065383476,0.105105247,0.070039717,0.092196216,0.139340481,0.050783449,0.063097115,0.095356459,0.101772499,0.098527815,0.023485771,0.041306947,0.00344077,0.056664582,0.044032681
grid-010-l,obs-3,L,L,1,11,5,7,0.835761744,1,18,0.08362851,0.932283752,0.932283752,0.360477746,0.239941524,0.790005302,0.770017255,0.880005302,0.650023162,0.700024905,0.410006582,0.915067805,0.930004409,0.980000908,0.918334659,0.884612666,0.816709548,0.753895026,0.643402204,0.506333913,0.514967246,0.994502127,0.944556689,0.941607387,0.952350603,0.912084864
grid-010-l,obs-4,R,U,14,2,3,5,0.012938571,4.54E-05,18,4.54E-05,0.281801256,0.281801256,0.060310222,0.249007647,4.54E-05,4.54E-05,4.54E-05,4.54E-05,4.54E-05,4.54E-05,0.100031656,0.204579853,0.054894815,0.309635503,0.279696176,0.130340621,0.129956635,0.109076416,0.104612822,0.085067506,0.233593241,0.246256267,0.194664339,0.295617409,0.318827573
grid-010-l,obs-5,L,NaN,4,8,3,5,0.012763725,4.54E-05,18,0.08337495,0.139103323,0.139103323,0.160002009,0.167644657,4.54E-05,4.54E-05,4.54E-05,4.54E-05,4.54E-05,4.54E-05,0.160038134,0.255028342,0.07004222,0.305026072,0.285783987,0.122659107,0.110770512,0.101993268,0.091522667,0.073943877,0.265449091,0.281659613,0.179279857,0.326023784,0.408221018
grid-011-l,obs-0,L,U,9,2,3,5,0.010841655,4.54E-05,15,4.54E-05,0.194819025,0.194819025,0.196973004,0.201582205,4.54E-05,4.54E-05,4.54E-05,4.54E-05,4.54E-05,4.54E-05,0.080041766,0.060042674,0.060042674,0.160038134,0.190036772,0.045388736,0.045358685,0.040684802,0.034523577,0.030065114,0.102668656,0.121970487,0.082595479,0.179143273,0.185105512
grid-011-l,obs-1,R,NaN,12,7,3,5,0.011840228,4.54E-05,15,0.1667045,0.054394417,0.054394417,0.320042373,0.267200904,4.54E-05,4.54E-05,4.54E-05,4.54E-05,4.54E-05,4.54E-05,4.54E-05,0.010044487,0.010044944,0.010044487,0.010044944,0.024197108,0.027941324,0.02573989,0.025992028,0.028439774,0.051688466,0.0754795,0.036735633,0.083573404,0.08819839
grid-011-l,obs-2,R,L,8,8,3,5,0.011982882,4.54E-05,15,0.33662354,0.118899994,0.118899994,0.538164416,0.416943073,4.54E-05,4.54E-05,4.54E-05,4.54E-05,4.54E-05,4.54E-05,0.046241229,0.066236518,0.028522855,0.083221228,0.113426082,0.072255902,0.061922823,0.066934703,0.061631989,0.057919557,0.113349564,0.12036222,0.110761655,0.126282437,0.161796758
grid-011-l,obs-3,L,L,1,9,4,6,0.846932953,1,15,0.20842597,0.91756746,0.91756746,0.314106385,0.265882197,0.81,0.69,0.91,0.59,0.62,0.31,0.945125686,0.880264733,0.970061343,0.823645592,0.813240801,0.855696403,0.832530734,0.639394174,0.68323087,0.582705053,0.889731908,0.825432197,0.89191744,0.780917456,0.751807924
grid-011-l,obs-4,R,U,15,3,4,6,0.011269615,4.54E-05,15,0.00234428,0.187964122,0.187964122,0.238852674,0.181744369,4.54E-05,4.54E-05,4.54E-05,4.54E-05,4.54E-05,4.54E-05,0.000377443,0.01050979,0.000244588,0.010453559,0.038365678,0.069991408,0.065803735,0.061111729,0.047385292,0.040892618,0.112068423,0.124775121,0.097156462,0.145366488,0.158349938
grid-011-l,obs-5,L,NaN,4,6,2,4,0.575891583,1,15,0.3333636,0.55725498,0.55725498,0.240032734,0.205068637,0.830007718,0.750011349,0.830007718,0.600018159,0.630016797,0.140039042,0.978731562,0.994365554,0.985913885,0.915917063,0.923099386,0.331374076,0.322736256,0.304867384,0.224853499,0.222673452,0.37922957,0.423092087,0.38019015,0.428704062,0.438321777
grid-000-n,obs-0,L,NaN,7,5,3,5,0.009652214,4.54E-05,14,0.91667045,0.150252557,0.150252557,0.533461504,0.340742791,4.54E-05,4.54E-05,4.54E-05,4.54E-05,4.54E-05,4.54E-05,0.040043582,0.010044944,0.050043128,0.070640492,0.094974838,0.061688579,0.056324758,0.051663252,0.053891289,0.042822843,0.075975629,0.096298479,0.072651356,0.089319297,0.099260982
grid-000-n,obs-1,L,L,8,8,4,6,0.00896277,4.54E-05,14,0.16839829,0.029462768,0.029462768,0.098930529,0.321224314,4.54E-05,4.54E-05,4.54E-05,4.54E-05,4.54E-05,4.54E-05,0.000311004,0.000111803,0.000377408,0.050181063,0.040441818,0.017237426,0.025149705,0.020449388,0.022484445,0.024825426,0.02653715,0.051837582,0.025632785,0.052549311,0.066963511
grid-000-n,obs-2,R,L,1,13,2,4,0.01179715,4.54E-05,14,0.41628321,0.051234171,0.051234171,0.233758691,0.227260126,4.54E-05,4.54E-05,4.54E-05,4.54E-05,4.54E-05,4.54E-05,0.040043582,0.010044944,0.050043128,0.060046211,0.110035574,0.040444751,0.04845424,0.040287571,0.048593482,0.043787767,0.049130228,0.087017194,0.05593919,0.092069053,0.085113537
grid-000-n,obs-3,R,U,6,5,4,6,0.018461774,8.48E-05,14,0.00012383,0.412445102,0.412445102,0.206284466,0.068971743,7.85E-05,7.61E-05,8.13E-05,6.94E-05,7.34E-05,5.45E-05,0.035683251,0.125110977,0.015142349,0.200178473,0.250232182,0.186607447,0.185449245,0.167963301,0.153605868,0.130077719,0.250700959,0.293855801,0.24405796,0.290472666,0.315008445
grid-000-n,obs-4,L,U,9,2,3,5,0.281676115,0.999986955,14,0.99999891,0.299675263,0.299675263,0.649837087,0.310898326,0.849995721,0.819997474,0.899992799,0.620009163,0.690005072,0.500016176,0.929993651,0.939992679,0.949991051,0.84735912,0.805134267,0.223836829,0.21153398,0.225595957,0.184036902,0.171276495,0.273329767,0.294891774,0.265071224,0.285705401,0.30866604
grid-000-n,obs-5,R,U,4,8,2,4,0.683621878,1,14,0.5000227,0.820802588,0.820802588,0.660412644,0.263905753,0.840007264,0.690014073,0.910004086,0.560019975,0.640016343,0.640016343,0.951574497,0.95158777,0.978311878,0.904996367,0.961940079,0.671374361,0.586652148,0.571378614,0.51019777,0.475708012,0.738489865,0.70077054,0.760413944,0.684729605,0.659618029
grid-001-n,obs-0,L,U,1,10,4,6,0.841836417,1,17,0.75001135,0.765617086,0.765617086,0.757814218,0.386149065,0.780008626,0.690012711,0.920003632,0.700008626,0.560014073,0.770008172,1,1,1,0.949557523,0.97955109,0.789772353,0.731146797,0.667774807,0.615690178,0.514868208,0.840343995,0.906381815,0.842080228,0.893943356,0.970260681
grid-001-n,obs-1,L,L,10,3,6,8,0.379430636,0.993290759,17,0.99328683,0.580873857,0.580873857,0.787080344,0.315034232,0.768813239,0.6749485,0.787187261,0.451961865,0.443772168,0.665267918,0.975048976,0.963087084,0.973079427,0.93304985,0.898890387,0.319353498,0.258525778,0.231417036,0.202491898,0.172479876,0.377462339,0.414906011,0.374420704,0.421391949,0.451380656
grid-001-n,obs-2,R,L,16,4,6,8,0.006353953,4.54E-05,17,4.54E-05,0.205584343,0.205584343,0.102814872,0.069898481,4.54E-05,4.54E-05,4.54E-05,4.54E-05,4.54E-05,4.54E-05,4.54E-05,4.54E-05,4.54E-05,5.02E-05,4.54E-05,0.055849446,0.04978406,0.047124993,0.041164199,0.035197603,0.080492547,0.099666041,0.072255573,0.110823821,0.128659286
grid-001-n,obs-3,R,NaN,11,9,1,3,0.007973587,4.54E-05,17,0.62501608,0.254396167,0.254396167,0.439706124,0.261604278,4.54E-05,4.54E-05,4.54E-05,4.54E-05,4.54E-05,4.54E-05,4.54E-05,4.54E-05,4.54E-05,0.035036458,4.54E-05,0.189454809,0.17196357,0.136488347,0.128003575,0.129072712,0.233846966,0.255050662,0.221906602,0.252632828,0.275669187
grid-001-n,obs-4,L,L,6,5,1,3,0.446832368,1,17,1,0.634577112,0.634577112,0.817288556,0.540691072,0.870002451,0.800004063,0.880002837,0.630006582,0.700004846,0.850002712,0.979998642,0.971410675,1,0.949498225,0.88336639,0.60099225,0.529762133,0.464148994,0.458813973,0.409260263,0.631125283,0.677387472,0.63426172,0.713639661,0.755322367
grid-001-n,obs-5,R,U,5,9,1,3,0.009281754,4.54E-05,17,0.53534717,0.003333333,0.003333333,0.269340252,0.330497235,4.54E-05,4.54E-05,4.54E-05,4.54E-05,4.54E-05,4.54E-05,4.54E-05,4.54E-05,4.54E-05,0.049729928,4.54E-05,0.032128225,0.037689772,0.058893637,0.053183536,0.042748623,0.009589791,0.026461694,0.014348141,0.047997357,0.044173522
grid-002-n,obs-0,L,L,10,4,1,2,0.011330387,4.54E-05,17,0.6666818,0.110812335,0.110812335,0.388747068,0.419349082,0.086190114,0.105791111,0.035043014,0.073492145,0.113091779,0.067341981,0.040263121,0.070246553,0.010254346,0.133243693,0.080462238,0.070171748,0.06949047,0.075111245,0.069404073,0.075731073,0.094372335,0.11618998,0.086369956,0.129002812,0.152665766
grid-002-n,obs-1,R,L,8,7,6,8,0.010272054,4.54E-05,17,0.00027913,0.28862542,0.28862542,0.144452275,0.034855636,5.11E-05,5.11E-05,4.74E-05,5.09E-05,5.10E-05,4.94E-05,0.017234163,0.009397476,0.023356042,0.104093097,0.123977123,0.063252878,0.063728593,0.05556335,0.053210953,0.048017295,0.099992948,0.118786351,0.091551622,0.108079276,0.136674075
grid-002-n,obs-2,R,U,1,14,4,6,0.872875553,1,17,0.16670509,0.622630776,0.622630776,0.394667933,0.109591276,0.830013433,0.750017072,0.940004694,0.560025443,0.670020544,0.370032621,0.920007158,0.940005425,0.980001366,0.847049176,0.780042225,0.659538012,0.627741945,0.540840163,0.470223376,0.448376305,0.70185379,0.684416113,0.727604605,0.664109223,0.648645507
grid-002-n,obs-3,L,U,10,7,3,5,0.01226421,4.54E-05,17,0.33344219,0.146784789,0.146784789,0.24011349,0.374015701,4.54E-05,4.54E-05,4.54E-05,4.54E-05,4.54E-05,4.54E-05,0.005044516,0.010038562,4.54E-05,0.084190706,0.025053739,0.038518009,0.039141293,0.041201638,0.036174195,0.036608113,0.058401065,0.08088786,0.054450608,0.102384232,0.120859906
grid-002-n,obs-4,L,L,14,1,4,6,0.187075889,0.999954452,17,0.99998482,0.480949393,0.480949393,0.740467107,0.30396704,0.913813568,0.834218504,0.954959344,0.76652411,0.746924726,0.782674207,0.956182647,0.983127752,0.968449861,0.888920633,0.910125801,0.43247905,0.396841805,0.354219944,0.318647708,0.25851947,0.433910306,0.428869217,0.431740825,0.416191055,0.413861304
grid-002-n,obs-5,R,U,1,14,4,6,0.013198033,4.54E-05,17,0.00605605,0.071438744,0.071438744,0.038747397,0.090244445,4.54E-05,4.54E-05,4.54E-05,4.54E-05,4.54E-05,4.54E-05,0.010044944,0.02004449,4.54E-05,0.080041766,0.030044036,0.042316245,0.041658808,0.041093987,0.035676369,0.02571382,0.052170226,0.077581999,0.062666672,0.097229758,0.106613924
grid-003-n,obs-0,L,NaN,10,4,2,4,0.276965366,0.99328815,19,0.75871783,0.284459076,0.284459076,0.521588453,0.274133237,0.564843776,0.432342584,0.707250512,0.256592176,0.372060882,0.178442777,0.896687462,0.783499355,0.875014839,0.752804671,0.591491895,0.276230402,0.269449017,0.2342698,0.19298838,0.192917921,0.296527375,0.296266338,0.293205321,0.312110305,0.332921448
grid-003-n,obs-1,L,L,11,3,3,5,0.218691589,1,19,1,0.402509484,0.402509484,0.701254742,0.486849225,0.830000464,0.690003669,0.920000914,0.620005515,0.730004121,0.710007743,0.860006356,0.910004086,0.930003178,0.760010895,0.830008172,0.353169068,0.330009431,0.286364872,0.260552875,0.254657463,0.358793237,0.359024605,0.3641623,0.352103962,0.362409512
grid-003-n,obs-2,R,U,1,14,2,4,0.769323804,1,19,0.08498765,0.801292129,0.801292129,0.44313989,0.438163004,0.85,0.77,0.89,0.57,0.72,0.42,1,0.995000113,1,1,1,0.804217402,0.733977457,0.670213755,0.643191466,0.51933771,0.827674645,0.804515716,0.856351204,0.774233176,0.712167511
grid-003-n,obs-3,R,U,2,17,5,7,0.007916438,4.54E-05,19,4.54E-05,0.107405026,0.107405026,0.053725213,0.064663709,4.54E-05,4.54E-05,4.54E-05,4.54E-05,4.54E-05,4.54E-05,0.040051307,0.055086357,0.060051714,0.13023587,0.260126197,0.039207793,0.03801655,0.035944937,0.03085262,0.027301843,0.097010976,0.122709692,0.079706615,0.151413477,0.146067498
grid-003-n,obs-4,L,U,6,9,4,6,0.1211105,0.075761798,19,0.1921029,0.091473307,0.091473307,0.141788104,0.313643007,0.181610708,0.156779228,0.197962619,0.215857795,0.232193667,0.021096366,0.28949751,0.302364922,0.249281208,0.504496189,0.404832658,0.077388913,0.074011592,0.074760663,0.074554028,0.073782616,0.136052644,0.156068304,0.110158204,0.183780634,0.225370494
grid-003-n,obs-5,R,L,6,9,3,5,0.031061023,4.54E-05,19,0.25003405,0.410449672,0.410449672,0.330241861,0.368056361,0.140039042,0.17003768,0.090041312,0.280032686,0.22003541,0.17003768,0.130039496,0.285035935,0.190036772,0.395078194,0.577304495,0.264723955,0.273296896,0.247456041,0.200063209,0.187408326,0.305131667,0.302646398,0.293858816,0.290198047,0.303118419
grid-004-n,obs-0,L,L,8,6,3,5,0.009721567,4.54E-05,22,0.66034797,0.370647968,0.370647968,0.515497969,0.352738712,0.090040975,0.189599006,0.050240341,0.192354221,0.15090969,0.203671338,0.083375934,0.043377219,0.056707449,0.236743391,0.264687228,0.34662752,0.351005558,0.335747604,0.30551075,0.300537069,0.394347902,0.400059486,0.379664979,0.395301921,0.41815902
grid-004-n,obs-1,R,L,2,13,1,3,0.249504483,1,22,0.25003405,0.323425817,0.323425817,0.286729934,0.488848092,0.88,0.680969732,0.936084532,0.573171835,0.739381031,0.383301475,0.989999092,0.999999092,1,0.989999092,0.989998184,0.354041661,0.375140205,0.346961539,0.290847807,0.269958764,0.40963908,0.437427833,0.384268551,0.425265528,0.485644129
grid-004-n,obs-2,L,L,5,11,4,6,0.011750826,4.54E-05,22,0.08337008,0.056681837,0.056681837,0.070025959,0.105291149,4.54E-05,4.54E-05,4.54E-05,4.54E-05,4.54E-05,4.54E-05,0.045476035,0.029216851,0.018390573,0.153681478,0.218535217,0.047545068,0.042983269,0.039590427,0.042314699,0.037864566,0.077244184,0.090717654,0.06960887,0.121993802,0.147561445
grid-004-n,obs-3,L,U,13,3,4,6,0.192496461,1,22,1,0.480597878,0.480597878,0.740298939,0.461781688,0.860006356,0.620015602,0.930003088,0.670011577,0.740011029,0.730010867,0.913338478,0.918337797,0.976667423,0.760011452,0.700006829,0.361994382,0.359244568,0.337293018,0.309000781,0.275522286,0.433996426,0.438870438,0.425356401,0.433398618,0.459125101
grid-004-n,obs-4,R,U,7,10,4,6,0.182963662,1,22,0.3333636,0.62835715,0.62835715,0.480860375,0.442677765,0.690014073,0.46862546,0.823923439,0.365832798,0.495581959,0.222866173,0.930003178,0.960001816,0.95000227,0.830007769,0.755011061,0.298491401,0.27915366,0.273058517,0.196366698,0.185421646,0.378869129,0.388361708,0.363421509,0.392394949,0.424622434
grid-004-n,obs-5,R,L,2,14,2,4,0.764134025,1,22,0.3333636,0.767703898,0.767703898,0.550533749,0.548039231,0.87,0.751398878,0.926084555,0.554198918,0.64444185,0.62717416,0.920003632,0.870005902,0.930003178,0.750276995,0.755011009,0.784507009,0.692862972,0.625142804,0.513090155,0.392221208,0.865711952,0.795768342,0.865514881,0.750828223,0.735674577
grid-005-n,obs-0,L,U,5,10,2,4,0.010308545,4.54E-05,15,0.1667045,0.133034138,0.133034138,0.149869319,0.200746944,4.54E-05,4.54E-05,4.54E-05,4.54E-05,4.54E-05,4.54E-05,4.54E-05,4.54E-05,4.54E-05,0.02004449,0.045037467,0.134370396,0.114963157,0.1130049,0.10022491,0.098963337,0.130327748,0.137961347,0.138120168,0.136340969,0.140883853
grid-005-n,obs-1,R,L,7,2,4,6,0.30108062,0.999954469,15,0.49999993,0.627053011,0.627053011,0.563526471,0.458620768,0.879972263,0.689988734,0.879969732,0.679996876,0.719989045,0.520007729,0.984080614,0.976239324,0.984009924,0.950698824,0.938342176,0.461615974,0.451425143,0.384924193,0.399550451,0.344799547,0.521025934,0.504444926,0.507777414,0.509043713,0.473856905
grid-005-n,obs-2,L,L,12,5,2,4,0.010806199,4.54E-05,15,0.5000227,0.221678682,0.221678682,0.360850691,0.532160752,4.54E-05,4.54E-05,4.54E-05,4.54E-05,4.54E-05,4.54E-05,4.54E-05,4.54E-05,4.54E-05,0.02004449,0.050043128,0.221113894,0.210879896,0.165294789,0.148782024,0.128613501,0.245600256,0.25236814,0.25824995,0.239719363,0.235344187
grid-005-n,obs-3,R,NaN,4,6,1,3,0.713991184,1,15,0.5000227,0.652174329,0.652174329,0.576098515,0.306433884,0.82,0.76,0.88,0.59,0.67,0.64,0.98924791,0.999539679,0.990002959,0.98952851,0.982075989,0.722026242,0.631681728,0.576849862,0.506592199,0.47896294,0.719760334,0.722337179,0.749261039,0.722337812,0.630105256
grid-005-n,obs-4,L,U,9,12,4,6,0.01144604,4.54E-05,15,0.1667045,0.112632918,0.112632918,0.139668709,0.154421953,4.54E-05,4.54E-05,4.54E-05,4.54E-05,4.54E-05,4.54E-05,4.54E-05,4.54E-05,4.54E-05,0.010044944,0.010111344,0.046704395,0.042042961,0.038946694,0.040514904,0.033145268,0.049695737,0.057853869,0.05264616,0.062743989,0.081191624
grid-005-n,obs-5,R,U,2,9,3,5,0.013081189,4.54E-05,15,0.1667045,0.06,0.06,0.11335225,0.156372193,5.63E-05,5.33E-05,5.36E-05,6.56E-05,6.28E-05,4.59E-05,0.070388228,0.105227489,0.070228617,0.160691029,0.258579829,0.072069104,0.086,0.124475482,0.124377505,0.093223509,0.1164827,0.157607576,0.094104697,0.198993104,0.254127161
grid-006-n,obs-0,R,U,4,11,1,3,0.01079578,4.54E-05,13,0.04170923,0.061245071,0.061245071,0.051477151,0.106391344,4.54E-05,4.54E-05,4.54E-05,4.54E-05,4.54E-05,4.54E-05,4.54E-05,4.54E-05,4.54E-05,4.54E-05,4.54E-05,0.03597658,0.039122057,0.034092507,0.036614309,0.040035463,0.041138482,0.042012323,0.039030772,0.045713887,0.042183917
grid-006-n,obs-1,L,NaN,3,4,1,3,0.70278891,1,13,0.45836355,0.58489447,0.58489447,0.52162901,0.332610465,0.81,0.79,0.89,0.55,0.67,0.56,1,1,1,1,0.990000454,0.524896999,0.49514097,0.424199832,0.403242284,0.324995556,0.529090019,0.534328112,0.555003222,0.548564612,0.548831995
grid-006-n,obs-2,L,L,7,1,2,4,0.148523759,0.499700013,13,0.70813504,0.401737604,0.401737604,0.554936322,0.291043123,0.469815726,0.449842449,0.469777912,0.419928261,0.484888809,0.284939077,0.41036772,0.46995979,0.484862367,0.40501656,0.420005526,0.359591983,0.397162117,0.384929243,0.346768368,0.31361406,0.400508357,0.380068802,0.403008488,0.420042877,0.374933061
grid-006-n,obs-3,R,L,11,7,3,5,0.010468635,4.54E-05,13,0.41666424,0.084527991,0.084527991,0.250596116,0.307788436,4.54E-05,4.54E-05,4.54E-05,4.54E-05,4.54E-05,4.54E-05,4.54E-05,4.54E-05,4.54E-05,4.54E-05,4.54E-05,0.060415524,0.058978921,0.054351057,0.049151498,0.034729985,0.059095353,0.055575368,0.059195964,0.062823885,0.054788313
grid-006-n,obs-4,R,U,7,15,5,7,0.008914697,4.54E-05,13,0.08337495,0.049023848,0.049023848,0.066199399,0.163241401,4.54E-05,4.54E-05,4.54E-05,4.54E-05,4.54E-05,4.54E-05,4.54E-05,4.54E-05,4.54E-05,4.54E-05,4.54E-05,0.013696878,0.01253814,0.012113168,0.009573958,0.010829691,0.014789976,0.014817275,0.014009014,0.016768877,0.01579386
grid-006-n,obs-5,L,U,1,8,4,6,0.790218369,1,13,0.41669206,0.66545701,0.66545701,0.541074535,0.207485932,0.670020104,0.580024584,0.79001308,0.290039326,0.410033878,0.250037989,0.910336287,0.800739917,0.880204767,0.740742646,0.700412261,0.741600859,0.571995095,0.541459226,0.425694631,0.425238581,0.732794577,0.69813967,0.749616418,0.533712221,0.561714683
grid-007-n,obs-0,L,NaN,4,6,1,3,0.327268409,1,22,0.58335225,0.413859516,0.413859516,0.498605883,0.516283974,0.87,0.77,0.97,0.69,0.58,0.55,0.991642675,0.984151531,0.995441459,0.924136196,0.95199633,0.441224989,0.44766747,0.410001508,0.392562518,0.38985826,0.525662632,0.533546843,0.511715493,0.538853988,0.567221618
grid-007-n,obs-1,L,L,6,3,4,6,0.010261283,4.54E-05,22,4.54E-05,0.418422212,0.418422212,0.209233806,0.232245978,0.100040858,0.17003768,0.02004449,0.140039042,0.320030871,0.130039496,0.135033766,0.110040367,0.060042674,0.294891824,0.400027164,0.290267186,0.280565926,0.258551666,0.254428041,0.20618749,0.359032035,0.363709895,0.339892116,0.371304226,0.412369
grid-007-n,obs-2,R,NaN,11,9,3,5,0.00935867,4.54E-05,22,0.1667045,0.212354409,0.212354409,0.189529455,0.124461168,4.54E-05,4.54E-05,4.54E-05,4.54E-05,4.54E-05,4.54E-05,4.54E-05,4.54E-05,4.54E-05,4.54E-05,0.010044944,0.101607559,0.09381679,0.074743138,0.064334148,0.054013186,0.126015065,0.114340732,0.128909392,0.126887201,0.119135145
grid-007-n,obs-3,R,R,6,10,3,5,0.31087886,0.923954097,22,0.70566056,0.629291916,0.629291916,0.667476238,0.497332103,0.656021803,0.591349599,0.831566037,0.388089686,0.397328421,0.286458675,0.792506386,0.81522873,0.84609306,0.651080549,0.55445562,0.361868927,0.310739359,0.271142388,0.25518711,0.157504439,0.437570951,0.396623674,0.428545949,0.401536303,0.366105505
grid-007-n,obs-4,L,U,1,8,3,5,0.834916865,1,22,0.22086019,0.816170855,0.816170855,0.518515523,0.501649683,0.88,0.76,0.84,0.55,0.62,0.52,0.940140618,0.880301519,0.960078369,0.800340603,0.790193021,0.788669582,0.72958323,0.664725111,0.601606745,0.524633131,0.851352853,0.807815548,0.853704209,0.720241471,0.715881189
grid-007-n,obs-5,R,L,11,3,1,3,0.24128266,1,22,1,0.257286917,0.257286917,0.628643459,0.682305619,0.750011349,0.570019521,0.90000454,0.460024515,0.390027693,0.360029055,0.868909735,0.888282814,0.939107985,0.708223662,0.598787733,0.372195367,0.336651655,0.301802719,0.261738119,0.188481822,0.414719918,0.381778706,0.422111439,0.367038139,0.341902686
grid-008-n,obs-0,L,U,3,4,3,5,0.808703611,1,13,0.85135793,0.765726516,0.765726516,0.808542223,0.299786783,0.85,0.78,0.88,0.69,0.67,0.78,0.850020844,0.820031799,0.940005773,0.610065907,0.510091868,0.701113479,0.708871232,0.669642399,0.559631311,0.463137947,0.856432651,0.886825046,0.82026042,0.848832254,0.922036559
grid-008-n,obs-1,L,L,11,3,1,3,0.009901814,4.54E-05,13,0.05559591,0.076648774,0.076648774,0.066122342,0.465080261,4.54E-05,4.54E-05,4.54E-05,4.54E-05,4.54E-05,4.54E-05,4.54E-05,0.010038365,0.01504149,0.015035036,0.055020063,0.038073047,0.035811773,0.031424512,0.026601428,0.02284492,0.068654132,0.065097898,0.05224926,0.078360606,0.090044057
grid-008-n,obs-2,R,NaN,13,9,1,3,0.010983525,4.54E-05,13,0.05559591,0.047312605,0.047312605,0.051454258,0.129916756,4.54E-05,4.54E-05,4.54E-05,4.54E-05,4.54E-05,4.54E-05,4.54E-05,4.54E-05,0.005037882,4.54E-05,0.010030305,0.007025278,0.008033313,0.008874577,0.007327552,0.008516074,0.019578456,0.00892234,0.0084628,0.014738907,0.014598668
grid-008-n,obs-3,L,U,2,8,3,5,0.785904477,0.999954489,13,0.32698166,0.885664329,0.885664329,0.606322995,0.146441401,0.67998358,0.629988125,0.779974489,0.430006307,0.46000358,0.440005398,0.819952856,0.779950369,0.934957853,0.559964495,0.49499206,0.500483952,0.506324562,0.39451767,0.344267358,0.265352075,0.588794692,0.581874266,0.595534675,0.504132024,0.501734716
grid-008-n,obs-4,R,U,7,12,4,6,0.012148444,4.54E-05,13,0.1667045,0,0,0.08335225,0.15412418,4.54E-05,4.54E-05,4.54E-05,4.54E-05,4.54E-05,4.54E-05,4.54E-05,4.54E-05,5.05E-05,4.54E-05,0.000116848,4.57E-05,0.000217465,0.000981567,0.001096816,0.000880357,0.003719506,0.000509607,0.000146012,0.000316652,0.004807777
grid-008-n,obs-5,R,L,13,5,1,3,0.011066733,4.54E-05,13,0.05559591,0.037850356,0.037850356,0.046723133,0.208781478,4.54E-05,4.54E-05,4.54E-05,4.54E-05,4.54E-05,4.54E-05,4.54E-05,4.54E-05,0.010044944,4.54E-05,0.02004449,0.009647398,0.01008055,0.011881822,0.012527482,0.01210986,0.020650769,0.010658685,0.010641733,0.017285992,0.016809897
grid-009-n,obs-0,L,NaN,5,3,1,3,0.335027551,1,22,0.6666818,0.431985526,0.431985526,0.549333663,0.420562484,0.8,0.7,0.87,0.62,0.66,0.66,0.980000908,0.95000227,0.990000454,0.920003632,0.940002724,0.44940367,0.437030456,0.40646782,0.355310583,0.336967742,0.613687875,0.636961841,0.545451639,0.793338396,0.821311892
grid-009-n,obs-1,L,L,1,8,5,7,0.014867946,8.48E-05,22,0.00034852,0.373333333,0.373333333,0.186840927,0.249717919,0.226172611,0.324589829,0.236152936,0.318468993,0.318428052,0.122299669,0.240083235,0.170088107,0.080088854,0.410057352,0.240067195,0.546934958,0.532112712,0.508277338,0.482623594,0.444672886,0.718407163,0.73722185,0.624379008,0.949038911,0.900055441
grid-009-n,obs-2,R,L,8,10,5,7,0.449030971,0.499473485,22,0.49968058,0.665449362,0.665449362,0.582564971,0.484524094,0.329720921,0.204902842,0.349724971,0.119972172,0.149988918,0.105021328,0.45463927,0.413931147,0.483804129,0.397586826,0.387695089,0.315005706,0.249801639,0.194971627,0.127032593,0.115146352,0.484929618,0.464277784,0.450379238,0.543838554,0.568131241
grid-009-n,obs-3,R,U,14,3,2,4,0.233469504,1,22,1,0.446794369,0.446794369,0.723397185,0.576555149,0.680014527,0.540020883,0.780009988,0.420026331,0.500022699,0.500022699,0.880005448,0.830007718,0.990000454,0.695013279,0.610017705,0.395318439,0.375244383,0.332369038,0.26792505,0.266016034,0.594754357,0.615207623,0.544291093,0.724417398,0.738411508
grid-009-n,obs-4,L,U,10,3,4,6,0.009547786,4.54E-05,22,4.54E-05,0.383131529,0.383131529,0.191588465,0.37383253,4.54E-05,4.54E-05,4.54E-05,4.54E-05,4.54E-05,4.54E-05,0.290032232,0.210035864,0.090041312,0.425019627,0.470024061,0.185319862,0.164470204,0.128004636,0.112323551,0.067948371,0.340666177,0.381353005,0.278709804,0.533633562,0.590709901
grid-009-n,obs-5,R,L,8,5,1,2,0.50365761,1,22,0.6666818,0.711889461,0.711889461,0.689285631,0.607751556,0.723894102,0.535465385,0.763914598,0.421586721,0.46162361,0.447745871,0.90000454,0.90000454,0.980000908,0.805009193,0.740011803,0.584142185,0.471134724,0.407248132,0.27171921,0.194160113,0.849111554,0.851413944,0.79730949,0.976388821,0.988462923
grid-010-n,obs-0,L,U,13,6,4,6,0.089677781,0.006685128,24,0.00668687,0.499412852,0.499412852,0.253049861,0.410540211,0.004627086,0.00343178,0.005290944,0.002635099,0.00323276,0.001041435,0.178801306,0.125060014,0.154813427,0.251262814,0.352335665,0.243608568,0.223572289,0.199941209,0.163817943,0.106882981,0.315279091,0.339159319,0.322495393,0.353681465,0.367865836
grid-010-n,obs-1,R,NaN,3,3,1,3,0.424147004,1,24,1,0.52502002,0.52502002,0.76251001,0.581784735,0.81,0.76,0.93,0.57,0.67,0.76,0.954995987,0.964991423,0.969997283,0.834972699,0.889976412,0.552557923,0.520815974,0.494560622,0.430703164,0.379603547,0.594550266,0.58477201,0.603722977,0.600471185,0.633088186
grid-010-n,obs-2,R,L,1,4,2,4,0.741922961,1,24,0.25026137,0.897900838,0.897900838,0.574081104,0.588611019,0.620053719,0.650055989,0.810020714,0.340089667,0.43006258,0.460050979,0.920010965,0.890026415,0.940012869,0.690335672,0.730197015,0.846903085,0.737479085,0.552605578,0.472669246,0.413559056,0.922614895,0.90441055,0.979625513,0.916845798,0.858139476
grid-010-n,obs-3,L,L,8,11,5,7,0.036492257,0.000552454,24,0.08362851,0.201842173,0.201842173,0.142735342,0.204598138,0.000314138,0.000309068,0.000425691,0.000141739,0.000182304,7.58E-05,0.128877091,0.125818653,0.062715692,0.235463529,0.320486069,0.114134654,0.089251749,0.085551492,0.065938211,0.054533649,0.178097537,0.199575126,0.154722702,0.229251856,0.248095881
grid-010-n,obs-4,R,U,9,2,3,5,0.011215115,4.54E-05,24,4.54E-05,0.317167097,0.317167097,0.158606249,0.443362305,4.54E-05,4.54E-05,4.54E-05,4.54E-05,4.54E-05,4.54E-05,0.149879271,0.095015185,0.095015201,0.265658175,0.283180819,0.204152163,0.172075594,0.147411958,0.107820195,0.102675451,0.259482248,0.278205826,0.261888614,0.293562563,0.311697033
grid-010-n,obs-5,L,NaN,10,8,3,5,0.010956304,4.54E-05,24,0.08337495,0.167383106,0.167383106,0.125379028,0.075868594,4.54E-05,4.54E-05,4.54E-05,4.54E-05,4.54E-05,4.54E-05,0.070041096,0.030043137,0.020043591,0.095032252,0.075035087,0.052441245,0.049960233,0.051556044,0.033986572,0.029901526,0.126511919,0.159665476,0.099806824,0.163942269,0.184599951
grid-011-n,obs-0,L,U,14,2,3,5,0.010598094,4.54E-05,13,4.54E-05,0.088655616,0.088655616,0.044350508,0.125555711,4.54E-05,4.54E-05,4.54E-05,4.54E-05,4.54E-05,4.54E-05,4.54E-05,4.54E-05,4.54E-05,0.010044054,0.020035035,0.020681092,0.018234103,0.016959987,0.016422996,0.0140618,0.041553955,0.068263742,0.035474576,0.085848574,0.106455348
grid-011-n,obs-1,R,NaN,3,7,3,5,0.660778837,1,13,0.1667045,0.495645348,0.495645348,0.331174924,0.236319102,0.870001364,0.740004543,0.900000456,0.62000636,0.650005906,0.360016802,0.983751921,0.990000454,0.970001362,0.930003185,0.91499449,0.432326375,0.35708511,0.416584888,0.344005325,0.289868195,0.4989115,0.515656775,0.474968644,0.537938781,0.525871609
grid-011-n,obs-2,R,L,1,8,3,5,0.794610582,0.993294343,13,0.33662354,0.698454607,0.698454607,0.517539074,0.319829903,0.645697336,0.536460237,0.774816711,0.357702939,0.427223173,0.228580096,0.839668016,0.793124447,0.938171057,0.736440581,0.74356062,0.605415491,0.512329564,0.538753356,0.404367719,0.341628007,0.6831048,0.63649429,0.676134619,0.636272805,0.56399129
grid-011-n,obs-3,L,L,8,9,4,6,0.011666119,4.54E-05,13,0.20842597,0.105525269,0.105525269,0.15697562,0.195505559,4.54E-05,4.54E-05,4.54E-05,4.54E-05,4.54E-05,4.54E-05,0.020110905,0.005040447,0.000311044,0.04531085,0.059032255,0.026588039,0.026962665,0.027310295,0.026399146,0.020679545,0.038832478,0.058766361,0.045121291,0.080223667,0.101105518
grid-011-n,obs-4,R,U,9,3,4,6,0.092507394,0.00668886,13,0.00234428,0.375093741,0.375093741,0.188719011,0.263345399,0.005426341,0.005093654,0.006489423,0.00436223,0.004030185,0.001371394,0.123835727,0.169207942,0.09436808,0.217383229,0.317295821,0.165687684,0.173614674,0.149467392,0.143503919,0.149809256,0.209960174,0.254532203,0.199286365,0.265699087,0.293226808
grid-011-n,obs-5,L,NaN,12,6,2,4,0.008708511,4.54E-05,13,0.3333636,0.093789152,0.093789152,0.213576376,0.224346095,4.54E-05,4.54E-05,4.54E-05,4.54E-05,4.54E-05,4.54E-05,0.010044947,4.54E-05,4.54E-05,0.040042933,0.040044497,0.031133299,0.030181794,0.029837052,0.026027613,0.02784978,0.046189926,0.073633072,0.04817249,0.100241685,0.121985587