,grid,side,Quad,obstacle,goal_dist,start_dist,wall_dist,center_dist,dVGC,sVGC,Moves,JIT,sVGCPrior,RandomForgetsVGC,TargetForgetsVGC,SpatialsVGC,SpatialsVGC010,SpatialsVGC025,SpatialsVGC033,SpatialsVGC040,RandomForgetsVGC010,RandomForgetsVGC025,RandomForgetsVGC033,RandomForgetsVGC040
0,grid-000-l,L,L,obs-0,7,6,1,2,0.011968881,4.54E-05,16,0.103647848,0.369476278,4.54E-05,4.54E-05,0.17503734,0.140105447,0.195030842,0.275026981,0.185097471,4.54E-05,4.54E-05,4.54E-05,4.54E-05
1,grid-000-l,L,L,obs-1,5,10,4,6,0.012434337,4.54E-05,16,0.176686748,0.18002778,4.54E-05,4.54E-05,0.160036697,0.129885096,0.140038128,0.206302035,0.160036959,4.54E-05,4.54E-05,4.54E-05,4.54E-05
2,grid-000-l,R,L,obs-2,1,8,2,4,0.83722322,1,16,0.607509502,0.756976618,0.88,0.74,0.929942876,0.940008374,0.920073655,0.930073649,0.929947942,0.92,0.74,0.63,0.53
3,grid-000-l,R,U,obs-3,9,2,4,6,0.010838487,4.54E-05,16,0.173132693,0.080009222,4.54E-05,4.54E-05,0.090041312,0.095037108,0.155168118,0.135367839,0.14534345,4.54E-05,4.54E-05,4.54E-05,4.54E-05
4,grid-000-l,L,L,obs-4,12,3,3,5,0.013165769,4.54E-05,16,0.271958769,0.199673803,4.54E-05,4.54E-05,0.146521857,0.130029136,0.150007281,0.200695124,0.184870449,4.54E-05,4.54E-05,4.54E-05,4.54E-05
5,grid-000-l,R,U,obs-5,5,3,2,4,0.367311656,1,16,0.492027134,0.597262755,0.860006356,0.540017251,0.907164775,0.940002649,0.921422247,0.866214858,0.897869283,0.920003178,0.73000908,0.790005902,0.62000999
6,grid-001-l,L,U,obs-0,5,11,4,6,0.008940767,4.54E-05,17,0.137081529,0.160040836,4.54E-05,4.54E-05,0.143932166,0.060042674,0.181004411,0.174687897,0.231892427,4.54E-05,4.54E-05,4.54E-05,4.54E-05
7,grid-001-l,L,L,obs-1,15,4,6,8,0.011424314,4.54E-05,17,0.206149844,0.221917229,4.54E-05,4.54E-05,0.133223562,0.047431878,0.1632222,0.133225548,0.140120212,4.54E-05,4.54E-05,4.54E-05,4.54E-05
8,grid-001-l,R,L,obs-2,9,3,6,8,0.055072644,0.001925569,17,0.351446556,0.020043444,0.001266286,8.30E-05,0.062199896,0.032096173,0.128529071,0.182326153,0.18288522,0.001480275,0.001115872,0.001097071,0.00090398
9,grid-001-l,R,NA,obs-3,4,7,1,3,0.719483422,1,17,0.638792287,0.955580536,0.73,0.98,0.960001816,0.960001816,0.870005901,0.800009079,0.729944522,0.83,0.71,0.69,0.63
10,grid-001-l,L,L,obs-4,10,6,1,3,0.013411151,4.54E-05,17,0.255512234,0.840009082,4.54E-05,4.54E-05,0.160038134,0.060042674,0.230034956,0.200036318,0.260033594,4.54E-05,4.54E-05,4.54E-05,4.54E-05
11,grid-001-l,R,U,obs-5,1,13,6,8,0.842915684,0.993290469,17,0.51545701,0.221685713,0.566195129,0.188762032,0.889555096,0.946254821,0.810565179,0.738545609,0.634206461,0.705249432,0.586060053,0.496667982,0.36754612
12,grid-002-l,L,L,obs-0,4,6,1,2,0.354237487,1,18,0.528843131,0.766319383,0.780001362,0.710005447,0.914962114,0.964975751,0.825107022,0.785160856,0.725046019,0.920000454,0.770001816,0.730003632,0.65000454
13,grid-002-l,R,L,obs-1,7,12,1,3,0.012366663,4.54E-05,18,0.197618925,0.680074702,4.54E-05,4.54E-05,0.089280672,0.050043128,0.154271729,0.14502636,0.234262033,4.54E-05,4.54E-05,4.54E-05,4.54E-05
14,grid-002-l,R,U,obs-2,14,10,4,6,0.01312859,4.54E-05,18,0.098867144,0.337033582,4.54E-05,4.54E-05,0.070799015,0.050043128,0.121553543,0.12003995,0.182307607,4.54E-05,4.54E-05,4.54E-05,4.54E-05
15,grid-002-l,L,U,obs-3,7,3,3,5,0.089145469,1,18,0.394811192,0.59695437,0.680106353,0.440099386,0.960001816,1,0.920269357,0.820479367,0.778534718,0.780039134,0.590106807,0.530108624,0.41014269
16,grid-002-l,L,L,obs-4,1,9,4,6,0.84040558,1,18,0.84080023,0.739799827,0.83,0.74,0.920004131,0.890005826,0.840008333,0.820008831,0.830429074,0.84,0.73,0.74,0.59
17,grid-002-l,R,U,obs-5,14,5,4,6,0.011253077,4.54E-05,18,0.117634162,4.98E-05,4.54E-05,4.54E-05,0.010048096,4.74E-05,0.020050006,0.030048764,0.050050614,4.54E-05,4.54E-05,4.54E-05,4.54E-05
18,grid-003-l,L,NA,obs-0,6,7,2,4,0.043218878,1,16,0.281078562,0.616150804,0.740011803,0.17003768,0.970001362,1,0.878678652,0.917356993,0.847406401,0.740011803,0.560019975,0.480023607,0.3700286
19,grid-003-l,L,L,obs-1,8,1,3,5,0.203698794,0.999954461,16,0.428687441,0.644544759,0.759976289,0.699981762,0.969942308,0.999957194,0.983135012,0.971306536,0.916274592,0.929960831,0.739978113,0.759976294,0.5399963
20,grid-003-l,R,U,obs-2,7,9,2,4,0.011600159,4.54E-05,16,0.217581957,0.346018103,4.54E-05,4.54E-05,0.020044229,4.54E-05,0.049774049,0.040042996,0.010044488,4.54E-05,4.54E-05,4.54E-05,4.54E-05
21,grid-003-l,R,U,obs-3,5,12,5,7,0.016107649,4.54E-05,16,0.119795612,4.68E-05,4.54E-05,4.54E-05,4.54E-05,4.54E-05,7.12E-05,0.020044452,4.54E-05,4.54E-05,4.54E-05,4.54E-05,4.54E-05
22,grid-003-l,L,U,obs-4,1,9,4,6,0.382871537,1,16,0.788605753,0.275301045,0.89,0.24,0.969997719,0.999237791,0.888613425,0.869380702,0.866268065,0.84,0.73,0.64,0.59
23,grid-003-l,R,L,obs-5,11,4,1,3,0.011997879,4.54E-05,16,0.233733085,0.40008782,4.54E-05,4.54E-05,0.02004449,4.54E-05,0.050043128,0.040043582,0.000111809,4.54E-05,4.54E-05,4.54E-05,4.54E-05
24,grid-004-l,L,L,obs-0,5,6,3,5,0.636571103,0.999996261,15,0.731886107,0.500243683,0.754387899,0.476664325,0.993106432,0.994741454,0.982212246,0.978573338,0.939509429,0.914234056,0.61454076,0.622715544,0.49075123
25,grid-004-l,R,L,obs-1,1,15,3,5,0.012623021,4.54E-05,15,0.237447632,0.078948292,4.54E-05,4.54E-05,0.07004222,0.02004449,0.060042674,0.060042674,0.080041766,4.54E-05,4.54E-05,4.54E-05,4.54E-05
26,grid-004-l,L,L,obs-2,2,11,4,6,0.012337755,4.54E-05,15,0.03,0.020029488,4.54E-05,4.54E-05,0.086242157,0.039283755,0.125480534,0.13548008,0.214716621,4.54E-05,4.54E-05,4.54E-05,4.54E-05
27,grid-004-l,L,U,obs-3,9,3,3,5,0.361859934,1,15,0.379938103,0.58812624,0.850005647,0.590016645,0.870005905,0.890004997,0.770010442,0.85000681,0.68001453,0.91000337,0.740010193,0.670012834,0.59001638
28,grid-004-l,R,U,obs-4,10,10,4,6,0.012052489,4.54E-05,15,0.224598791,0.311407437,4.54E-05,4.54E-05,0.07004222,0.02004449,0.060042674,0.060042674,0.080041766,4.54E-05,4.54E-05,4.54E-05,4.54E-05
29,grid-004-l,R,L,obs-5,5,14,2,4,0.011909856,4.54E-05,15,0.206094858,0.408935745,4.54E-05,4.54E-05,0.060042674,0.02004449,0.060042674,0.050043128,0.045109607,4.54E-05,4.54E-05,4.54E-05,4.54E-05
30,grid-005-l,L,U,obs-0,4,9,3,5,0.013037903,4.54E-05,15,0.323170366,0.519975359,4.54E-05,4.54E-05,0.02004449,0.010044944,0.02004449,0.055102435,0.060042674,4.54E-05,4.54E-05,4.54E-05,4.54E-05
31,grid-005-l,R,L,obs-1,16,4,4,6,0.010758051,4.54E-05,15,0.195933479,0.220014036,4.54E-05,4.54E-05,0.019910061,0.009977751,0.02004449,0.069773375,0.059908259,4.54E-05,4.54E-05,4.54E-05,4.54E-05
32,grid-005-l,L,L,obs-2,10,3,2,4,0.356796808,1,15,0.312830135,0.273993389,0.80000908,0.250034048,1,1,1,0.990000454,1,0.880005448,0.690014073,0.680014527,0.59001861
33,grid-005-l,R,NA,obs-3,13,8,1,3,0.011826731,4.54E-05,15,0.062443599,0.540286137,4.54E-05,4.54E-05,0.02004449,0.010044944,0.010044944,0.050043128,0.040043582,4.54E-05,4.54E-05,4.54E-05,4.54E-05
34,grid-005-l,L,U,obs-4,2,9,3,5,0.866699915,1,15,0.79449306,0.080478184,0.810008626,0.060042674,0.836289219,0.921652689,0.765691686,0.693149102,0.658559806,0.940002724,0.730012257,0.690014073,0.62001725
35,grid-005-l,R,U,obs-5,7,11,3,5,0.013607865,4.54E-05,15,0.096802307,0.476923354,4.54E-05,4.54E-05,0.02004449,0.010044944,0.019283759,0.050040797,0.058521212,4.54E-05,4.54E-05,4.54E-05,4.54E-05
36,grid-006-l,R,U,obs-0,2,8,1,3,0.011256911,4.54E-05,16,0.313607036,0.013376692,4.54E-05,4.54E-05,0.140039209,0.020053222,0.140047579,0.110863777,0.126783059,4.54E-05,4.54E-05,4.54E-05,4.54E-05
37,grid-006-l,L,L,obs-1,11,6,1,3,0.011456737,4.54E-05,16,0.191619324,0.313353471,4.54E-05,4.54E-05,0.010044944,0.02004449,0.02004449,0.030044036,0.100040858,4.54E-05,4.54E-05,4.54E-05,4.54E-05
38,grid-006-l,L,L,obs-2,12,3,2,4,0.009724905,4.54E-05,16,0.322806977,0.728628414,4.54E-05,4.54E-05,0.020168886,0.035097803,0.035429927,0.065361251,0.135475398,4.54E-05,4.54E-05,4.54E-05,4.54E-05
39,grid-006-l,R,L,obs-3,7,5,2,4,0.363684807,1,16,0.668538536,0.520018134,0.840007264,0.530021337,0.990000454,1,1,0.970001362,0.990000454,0.870005902,0.80000908,0.700013619,0.56001998
40,grid-006-l,R,U,obs-4,2,11,4,6,0.829481116,1,16,0.729665561,0.280032686,0.81,0.29,0.95000227,0.910004086,0.90000454,0.782233843,0.740011803,0.88,0.72,0.69,0.64
41,grid-006-l,L,U,obs-5,7,11,4,6,0.012722307,4.54E-05,16,0.16511088,0.130834145,4.54E-05,4.54E-05,0.010044944,0.020044228,0.020044359,0.029919164,0.090548152,4.54E-05,4.54E-05,4.54E-05,4.54E-05
42,grid-007-l,L,NA,obs-0,10,9,2,4,0.010440218,4.54E-05,16,0.220552796,0.279759097,4.54E-05,4.54E-05,0.11310317,0.079571764,0.238959986,0.179499582,0.279627902,4.54E-05,4.54E-05,4.54E-05,4.54E-05
43,grid-007-l,L,L,obs-1,10,3,2,4,0.010440218,4.54E-05,16,0.248733691,0.479753459,4.54E-05,4.54E-05,0.193362122,0.155034384,0.285094431,0.230220616,0.305206766,4.54E-05,4.54E-05,4.54E-05,4.54E-05
44,grid-007-l,R,U,obs-2,3,5,1,2,0.601941748,1,16,0.406933861,0.576914464,0.82,0.59,0.969998404,0.969998857,0.860004492,0.929998432,0.91000181,0.9,0.72,0.66,0.61
45,grid-007-l,R,U,obs-3,1,8,3,5,0.863412688,1,16,0.723210449,0.579744276,0.78,0.62,0.870006734,0.925012688,0.740217481,0.770008042,0.700026279,0.94,0.78,0.69,0.64
46,grid-007-l,L,U,obs-4,5,10,3,5,0.006051337,4.54E-05,16,0.242585444,0.518427038,4.54E-05,4.54E-05,0.112825366,0.074566515,0.229084117,0.209280505,0.266508845,4.54E-05,4.54E-05,4.54E-05,4.54E-05
47,grid-007-l,R,L,obs-5,7,4,3,5,0.251828701,1,16,0.509725272,0.46001762,0.910004086,0.500022699,0.875270873,0.930134921,0.845492959,0.726330039,0.780694795,0.920003632,0.770010442,0.680014527,0.56001998
48,grid-008-l,L,NA,obs-0,9,9,2,4,0.005254756,4.54E-05,16,0.145028017,0.220019503,4.54E-05,4.54E-05,0.187755044,0.090041312,0.22705913,0.321081898,0.27538995,4.54E-05,4.54E-05,4.54E-05,4.54E-05
49,grid-008-l,L,L,obs-1,10,3,2,4,0.007250233,4.54E-05,16,0.197851119,0.594465861,4.54E-05,4.54E-05,0.180095207,0.105036678,0.265095223,0.363419055,0.283399752,4.54E-05,4.54E-05,4.54E-05,4.54E-05
50,grid-008-l,R,NA,obs-2,5,7,3,5,0.524943461,0.499625022,16,0.554401893,0.396923702,0.339762542,0.069990045,0.560837641,0.539964115,0.585815828,0.640751654,0.590924655,0.354750931,0.289807579,0.184896358,0.21487613
51,grid-008-l,L,U,obs-3,5,8,1,3,0.005321272,4.54E-05,16,0.175726713,0.30252933,4.54E-05,4.54E-05,0.182265395,0.100040631,0.204484775,0.287812587,0.215606979,4.54E-05,4.54E-05,4.54E-05,4.54E-05
52,grid-008-l,R,U,obs-4,1,8,3,5,0.861979513,1,16,0.771702209,0.410887208,0.88,0.45,0.815068165,0.860264869,0.665277201,0.650134776,0.660335584,0.9,0.79,0.68,0.56
53,grid-008-l,R,L,obs-5,5,2,1,3,0.487295464,1,16,0.41852558,0.48001208,0.82,0.42,0.987685623,0.998479784,0.965406032,0.938131977,0.906301996,0.86,0.8,0.64,0.61
54,grid-009-l,L,NA,obs-0,8,11,2,4,0.007139567,4.54E-05,14,0.131715553,0.360029055,4.54E-05,4.54E-05,0.12003995,0.140039042,0.255166517,0.348429058,0.331890936,4.54E-05,4.54E-05,4.54E-05,4.54E-05
55,grid-009-l,L,L,obs-1,3,10,1,3,0.00836788,4.54E-05,14,0.176837077,0.300283597,4.54E-05,4.54E-05,0.140035225,0.137262178,0.249489827,0.310053468,0.340538072,4.54E-05,4.54E-05,4.54E-05,4.54E-05
56,grid-009-l,R,L,obs-2,3,8,5,7,0.734684477,0.77704444,14,0.620634395,0.412381615,0.484831097,0.060766467,0.65847591,0.704625178,0.709219308,0.62906599,0.660074823,0.641237323,0.467134919,0.324459855,0.23515914
57,grid-009-l,R,U,obs-3,6,2,1,2,0.34884078,1,14,0.239803544,0.160048054,0.78,0.14,0.85020561,0.880137383,0.670415003,0.660610489,0.582997286,0.92,0.84,0.67,0.61
58,grid-009-l,L,U,obs-4,8,4,2,4,0.007600184,4.54E-05,14,0.156865715,0.380279965,4.54E-05,4.54E-05,0.135038929,0.155038248,0.276642027,0.388328762,0.398364292,4.54E-05,4.54E-05,4.54E-05,4.54E-05
59,grid-009-l,R,L,obs-5,2,7,1,2,0.803469983,1,14,0.742526649,0.399757167,0.830002285,0.370017268,0.96000227,0.950003178,0.970001362,0.910005448,0.920004086,0.940000009,0.810002743,0.70000592,0.61001001
60,grid-010-l,L,U,obs-0,12,4,5,7,0.00963735,4.54E-05,15,0.166138805,0.180060405,4.54E-05,4.54E-05,0.018462082,0.02025122,0.017381837,0.035744363,0.107354875,4.54E-05,4.54E-05,4.54E-05,4.54E-05
61,grid-010-l,R,NA,obs-1,7,6,2,4,0.041690463,1,15,0.375592589,0.313832943,0.760010895,0.22003541,0.95000227,0.95000227,0.840007264,0.905000586,0.750003771,0.790009534,0.490023153,0.440025423,0.39002769
62,grid-010-l,R,L,obs-2,2,6,1,3,0.363506568,1,15,0.740499283,0.653924871,0.87,0.65,0.97347857,0.983477661,0.921946423,0.937715894,0.815434339,0.93,0.7,0.63,0.62
63,grid-010-l,L,L,obs-3,6,11,4,6,0.01220731,4.54E-05,15,0.221267924,0.340007521,4.54E-05,4.54E-05,0.150033118,0.100036755,0.090038577,0.165028471,0.200031303,4.54E-05,4.54E-05,4.54E-05,4.54E-05
64,grid-010-l,R,U,obs-4,9,1,3,5,0.012992576,4.54E-05,15,0.136183867,0.040571018,4.54E-05,4.54E-05,0.090039944,0.060042674,0.150038588,0.200034039,0.220034042,4.54E-05,4.54E-05,4.54E-05,4.54E-05
65,grid-010-l,L,NA,obs-5,7,7,1,3,0.013063963,4.54E-05,15,0.206458498,0.52001997,4.54E-05,4.54E-05,0.290032232,0.190036772,0.2750328,0.400027239,0.470024061,4.54E-05,4.54E-05,4.54E-05,4.54E-05
66,grid-011-l,L,U,obs-0,11,6,4,6,0.008053245,4.54E-05,16,0.230799364,0.140555466,4.54E-05,4.54E-05,0.130039496,0.160038134,0.190036772,0.17503734,0.180037226,4.54E-05,4.54E-05,4.54E-05,4.54E-05
67,grid-011-l,R,NA,obs-1,6,6,2,4,0.597071547,1,16,0.442865461,0.539940612,0.710013165,0.340029963,0.877725703,0.940002724,0.866206328,0.814688768,0.725452769,0.840007264,0.570019521,0.470024061,0.33003042
68,grid-011-l,R,L,obs-2,1,7,1,3,0.78063228,1,16,0.768774057,0.740037184,0.82,0.77,0.944806676,0.960035822,0.950039863,0.910075881,0.869793116,0.9,0.71,0.71,0.53
69,grid-011-l,L,L,obs-3,5,12,4,6,0.009717138,4.54E-05,16,0.232445818,0.220298883,4.54E-05,4.54E-05,0.129972349,0.160038134,0.194126728,0.16983625,0.179835801,4.54E-05,4.54E-05,4.54E-05,4.54E-05
70,grid-011-l,R,U,obs-4,8,1,3,5,0.266622296,1,16,0.499447632,0.618434116,0.85,0.54,0.900196654,0.909934777,0.849943636,0.834939338,0.810195164,0.88,0.68,0.59,0.55
71,grid-011-l,L,NA,obs-5,8,9,1,3,0.009051581,4.54E-05,16,0.221842751,0.460287988,4.54E-05,4.54E-05,0.160038134,0.17003768,0.195036432,0.235034616,0.230034956,4.54E-05,4.54E-05,4.54E-05,4.54E-05