,grid,obstacle,side,Quad,goal_dist,start_dist,wall_dist,center_dist,dVGC,sVGC,Moves,new_sVGC,new_dVGC,JITprob
1,grid-000-l,obs-0,L,NaN,5,5,3,5,0.275296049,1,18,1,0.445333568,0.433774034
2,grid-000-l,obs-1,L,L,1,8,4,6,0.857955212,1,18,1,0.566625631,0.676851257
3,grid-000-l,obs-2,R,L,8,13,2,4,0.008031422,4.54E-05,18,4.54E-05,0.008031422,0.317805109
4,grid-000-l,obs-3,R,U,14,5,4,6,0.009848751,4.54E-05,18,4.54E-05,0.01031774,0.254041344
5,grid-000-l,obs-4,L,U,8,2,3,5,0.372786962,1,18,1,0.324041506,0.52433273
6,grid-000-l,obs-5,R,U,12,8,2,4,0.010786728,4.54E-05,18,4.54E-05,0.01031774,0.287892181
73,grid-000-n,obs-0,L,NaN,7,5,3,5,0.009652214,4.54E-05,14,0.250030789,0.077485828,0.150252557
74,grid-000-n,obs-1,L,L,8,8,4,6,0.00896277,4.54E-05,14,4.54E-05,0.009307492,0.029462768
75,grid-000-n,obs-2,R,L,1,13,2,4,0.01179715,4.54E-05,14,4.54E-05,0.01179715,0.051234171
76,grid-000-n,obs-3,R,U,6,5,4,6,0.018461774,8.48E-05,14,0.5000424,0.351041826,0.412445102
77,grid-000-n,obs-4,L,U,9,2,3,5,0.281676115,0.999986955,14,0.500016178,0.145664165,0.299675263
78,grid-000-n,obs-5,R,U,4,8,2,4,0.683621878,1,14,0.5000424,0.351041826,0.820802588
7,grid-001-l,obs-0,L,U,5,10,4,6,0.252526976,1,24,1,0.471659488,0.479961962
8,grid-001-l,obs-1,L,L,15,3,6,8,0.16287798,0.99328376,24,0.99664188,0.275813537,0.484260468
9,grid-001-l,obs-2,R,L,9,4,6,8,0.007804836,4.54E-05,24,4.54E-05,0.007804836,0.248083899
10,grid-001-l,obs-3,R,NaN,4,9,1,3,0.382735531,1,24,1,0.382735531,0.435954003
11,grid-001-l,obs-4,L,L,10,5,1,3,0.388749094,1,24,0.99664188,0.275813537,0.537402024
12,grid-001-l,obs-5,R,U,2,9,1,3,0.690791999,1,24,1,0.471659488,0.852712006
79,grid-001-n,obs-0,L,U,1,10,4,6,0.841836417,1,17,0.5000227,0.425559086,0.765617086
80,grid-001-n,obs-1,L,L,10,3,6,8,0.379430636,0.993290759,17,0.99664538,0.413131502,0.580873857
81,grid-001-n,obs-2,R,L,16,4,6,8,0.006353953,4.54E-05,17,4.54E-05,0.006353953,0.205584343
82,grid-001-n,obs-3,R,NaN,11,9,1,3,0.007973587,4.54E-05,17,4.54E-05,0.007973587,0.254396167
83,grid-001-n,obs-4,L,L,6,5,1,3,0.446832368,1,17,0.99664538,0.413131502,0.634577112
84,grid-001-n,obs-5,R,U,5,9,1,3,0.009281754,4.54E-05,17,0.5000227,0.425559086,0.003333333
13,grid-002-l,obs-0,L,L,5,4,1,2,0.687383003,1,17,0.874900007,0.603878073,0.309760384
14,grid-002-l,obs-1,R,L,14,7,6,8,0.008299014,4.54E-05,17,4.54E-05,0.008299014,0.15763369
15,grid-002-l,obs-2,R,U,7,14,4,6,0.007675028,4.54E-05,17,4.54E-05,0.007862224,0.119378742
16,grid-002-l,obs-3,L,U,4,7,3,5,0.726382129,0.499600026,17,0.749800013,0.706882566,0.409042052
17,grid-002-l,obs-4,L,L,8,1,4,6,0.314364158,1,17,1,0.500873581,0.651379754
18,grid-002-l,obs-5,R,U,4,14,4,6,0.00804942,4.54E-05,17,4.54E-05,0.007862224,0.054567504
85,grid-002-n,obs-0,L,L,10,4,1,2,0.011330387,4.54E-05,17,0.250022663,0.055500218,0.110812335
86,grid-002-n,obs-1,R,L,8,7,6,8,0.010272054,4.54E-05,17,4.54E-05,0.010272054,0.28862542
87,grid-002-n,obs-2,R,U,1,14,4,6,0.872875553,1,17,0.5000227,0.443036793,0.622630776
88,grid-002-n,obs-3,L,U,10,7,3,5,0.01226421,4.54E-05,17,4.54E-05,0.011797299,0.146784789
89,grid-002-n,obs-4,L,L,14,1,4,6,0.187075889,0.999954452,17,0.499999926,0.099203138,0.480949393
90,grid-002-n,obs-5,R,U,1,14,4,6,0.013198033,4.54E-05,17,0.5000227,0.443036793,0.071438744
19,grid-003-l,obs-0,L,NaN,6,4,2,4,0.43732469,1,17,1,0.44661223,0.429532391
20,grid-003-l,obs-1,L,L,8,3,3,5,0.017764757,1,17,1,0.227544724,0.420563716
21,grid-003-l,obs-2,R,U,7,14,2,4,0.010284859,4.54E-05,17,4.54E-05,0.011095182,0.103784464
22,grid-003-l,obs-3,R,U,5,17,5,7,0.011905504,4.54E-05,17,4.54E-05,0.011095182,0.072656475
23,grid-003-l,obs-4,L,U,1,9,4,6,0.894034782,1,17,1,0.665679736,0.875801675
24,grid-003-l,obs-5,R,L,13,9,3,5,0.013027489,4.54E-05,17,4.54E-05,0.013027489,0.14598242
91,grid-003-n,obs-0,L,NaN,10,4,2,4,0.276965366,0.99328815,19,0.765584525,0.223433205,0.284459076
92,grid-003-n,obs-1,L,L,11,3,3,5,0.218691589,1,19,0.996644075,0.247828478,0.402509484
93,grid-003-n,obs-2,R,U,1,14,2,4,0.769323804,1,19,0.5000227,0.388620121,0.801292129
94,grid-003-n,obs-3,R,U,2,17,5,7,0.007916438,4.54E-05,19,0.5000227,0.388620121,0.107405026
95,grid-003-n,obs-4,L,U,6,9,4,6,0.1211105,0.075761798,19,0.534524974,0.199037933,0.091473307
96,grid-003-n,obs-5,R,L,6,9,3,5,0.031061023,4.54E-05,19,4.54E-05,0.031061023,0.410449672
25,grid-004-l,obs-0,L,L,5,6,3,5,0.635067712,0.999996261,15,0.750009481,0.410406272,0.88401288
26,grid-004-l,obs-1,R,L,1,13,1,3,0.011047755,4.54E-05,15,4.54E-05,0.011760513,0.110129931
27,grid-004-l,obs-2,L,L,2,11,4,6,0.012972202,4.54E-05,15,0.250033115,0.168014968,0.043333333
28,grid-004-l,obs-3,L,U,10,3,4,6,0.358517463,1,15,0.999998131,0.496792588,0.493547731
29,grid-004-l,obs-4,R,U,10,10,4,6,0.010477548,4.54E-05,15,4.54E-05,0.011225945,0.169305629
30,grid-004-l,obs-5,R,L,5,14,2,4,0.011974341,4.54E-05,15,4.54E-05,0.011368496,0.133619062
97,grid-004-n,obs-0,L,L,8,6,3,5,0.009721567,4.54E-05,22,0.25003405,0.055922605,0.370647968
98,grid-004-n,obs-1,R,L,2,13,1,3,0.249504483,1,22,0.75001135,0.318723454,0.323425817
99,grid-004-n,obs-2,L,L,5,11,4,6,0.011750826,4.54E-05,22,0.25003405,0.070681926,0.056681837
100,grid-004-n,obs-3,L,U,13,3,4,6,0.192496461,1,22,0.5000227,0.101109014,0.480597878
101,grid-004-n,obs-4,R,U,7,10,4,6,0.182963662,1,22,1,0.473548844,0.62835715
102,grid-004-n,obs-5,R,L,2,14,2,4,0.764134025,1,22,1,0.490184049,0.767703898
31,grid-005-l,obs-0,L,U,4,10,2,4,0.00986021,4.54E-05,17,0.25003405,0.206767973,0.362031012
32,grid-005-l,obs-1,R,L,16,2,4,6,0.012294059,4.54E-05,17,4.54E-05,0.011888418,0.246929891
33,grid-005-l,obs-2,L,L,10,5,2,4,0.380803794,1,17,1,0.380803794,0.438562899
34,grid-005-l,obs-3,R,NaN,13,6,1,3,0.011482776,4.54E-05,17,4.54E-05,0.011794808,0.112986404
35,grid-005-l,obs-4,L,U,2,12,4,6,0.795431852,1,17,0.5000227,0.402646031,0.798894926
36,grid-005-l,obs-5,R,U,7,9,3,5,0.011919621,4.54E-05,17,4.54E-05,0.011295557,0.111770245
103,grid-005-n,obs-0,L,U,5,10,2,4,0.010308545,4.54E-05,15,4.54E-05,0.01128608,0.133034138
104,grid-005-n,obs-1,R,L,7,2,4,6,0.30108062,0.999954469,15,0.999977235,0.507535902,0.627053011
105,grid-005-n,obs-2,L,L,12,5,2,4,0.010806199,4.54E-05,15,4.54E-05,0.010806199,0.221678682
106,grid-005-n,obs-3,R,NaN,4,6,1,3,0.713991184,1,15,0.749999967,0.435536044,0.652174329
107,grid-005-n,obs-4,L,U,9,12,4,6,0.01144604,4.54E-05,15,4.54E-05,0.010877293,0.112632918
108,grid-005-n,obs-5,R,U,2,9,3,5,0.013081189,4.54E-05,15,0.25003405,0.187615527,0.06
37,grid-006-l,obs-0,R,U,3,11,1,3,0.008651273,4.54E-05,17,0.5000227,0.437293832,0.233707219
38,grid-006-l,obs-1,L,NaN,11,4,1,3,0.01089189,4.54E-05,17,0.250033973,0.076585548,0.206633808
39,grid-006-l,obs-2,L,L,12,1,2,4,0.27385324,0.999999693,17,0.750011197,0.249813282,0.362441985
40,grid-006-l,obs-3,R,L,6,7,3,5,0.440654758,1,17,0.999999847,0.357253999,0.581062841
41,grid-006-l,obs-4,R,U,1,15,5,7,0.865936391,1,17,0.5000227,0.437293832,0.844832459
42,grid-006-l,obs-5,L,U,7,8,4,6,0.010705172,4.54E-05,17,4.54E-05,0.010798531,0.176373248
109,grid-006-n,obs-0,R,U,4,11,1,3,0.01079578,4.54E-05,13,4.54E-05,0.009855239,0.061245071
110,grid-006-n,obs-1,L,NaN,3,4,1,3,0.70278891,1,13,0.874925003,0.586079987,0.58489447
111,grid-006-n,obs-2,L,L,7,1,2,4,0.148523759,0.499700013,13,0.499861357,0.252576266,0.401737604
112,grid-006-n,obs-3,R,L,11,7,3,5,0.010468635,4.54E-05,13,0.249872707,0.079496197,0.084527991
113,grid-006-n,obs-4,R,U,7,15,5,7,0.008914697,4.54E-05,13,4.54E-05,0.009855239,0.049023848
114,grid-006-n,obs-5,L,U,1,8,4,6,0.790218369,1,13,1,0.74650364,0.66545701
43,grid-007-l,obs-0,L,NaN,9,6,1,3,0.01283148,4.54E-05,15,4.54E-05,0.012296835,0.1360587
44,grid-007-l,obs-1,L,L,13,3,4,6,0.01247505,4.54E-05,15,4.54E-05,0.012653265,0.279265556
45,grid-007-l,obs-2,R,NaN,4,9,3,5,0.015255204,4.54E-05,15,0.5000227,0.311911891,0.329662342
46,grid-007-l,obs-3,R,R,1,10,3,5,0.851439977,1,15,0.5000227,0.433347591,0.751165498
47,grid-007-l,obs-4,L,U,5,8,3,5,0.01104933,4.54E-05,15,4.54E-05,0.011940405,0
48,grid-007-l,obs-5,R,L,6,3,1,3,0.365697177,1,15,0.5000227,0.190476191,0.255273704
115,grid-007-n,obs-0,L,NaN,4,6,1,3,0.327268409,1,22,0.75001135,0.374928742,0.413859516
116,grid-007-n,obs-1,L,L,6,3,4,6,0.010261283,4.54E-05,22,0.5000227,0.168764846,0.418422212
117,grid-007-n,obs-2,R,NaN,11,9,3,5,0.00935867,4.54E-05,22,0.481011224,0.142719715,0.212354409
118,grid-007-n,obs-3,R,R,6,10,3,5,0.31087886,0.923954097,22,0.461999749,0.160118765,0.629291916
119,grid-007-n,obs-4,L,U,1,8,3,5,0.834916865,1,22,1,0.581092637,0.816170855
120,grid-007-n,obs-5,R,L,11,3,1,3,0.24128266,1,22,0.5000227,0.125320665,0.257286917
49,grid-008-l,obs-0,L,U,9,4,3,5,0.280939977,0.776946987,19,0.388496194,0.14698221,0.472142332
50,grid-008-l,obs-1,L,L,11,3,1,3,0.009532783,4.54E-05,19,4.54E-05,0.011195478,0.157330055
51,grid-008-l,obs-2,R,NaN,5,9,1,3,0.011250901,4.54E-05,19,4.54E-05,0.012054537,0.107571845
52,grid-008-l,obs-3,L,U,5,8,3,5,0.013024442,4.54E-05,19,0.444259447,0.290805299,0.46714087
53,grid-008-l,obs-4,R,U,1,12,4,6,0.856232334,1,19,0.5000227,0.434628388,0.983927069
54,grid-008-l,obs-5,R,L,8,5,1,3,0.012858172,4.54E-05,19,4.54E-05,0.011625007,0.082937725
121,grid-008-n,obs-0,L,U,3,4,3,5,0.808703611,1,13,0.999977245,0.797304044,0.765726516
122,grid-008-n,obs-1,L,L,11,3,1,3,0.009901814,4.54E-05,13,4.54E-05,0.010484274,0.076648774
123,grid-008-n,obs-2,R,NaN,13,9,1,3,0.010983525,4.54E-05,13,4.54E-05,0.011025129,0.047312605
124,grid-008-n,obs-3,L,U,2,8,3,5,0.785904477,0.999954489,13,0.749988595,0.598165252,0.885664329
125,grid-008-n,obs-4,R,U,7,12,4,6,0.012148444,4.54E-05,13,0.499999945,0.399026461,0
126,grid-008-n,obs-5,R,L,13,5,1,3,0.011066733,4.54E-05,13,4.54E-05,0.010754701,0.037850356
55,grid-009-l,obs-0,L,NaN,12,3,1,3,0.010051192,4.54E-05,17,4.54E-05,0.010940817,0.298184062
56,grid-009-l,obs-1,L,L,8,8,5,7,0.012673243,4.54E-05,17,4.54E-05,0.011362218,0
57,grid-009-l,obs-2,R,L,1,10,5,7,0.869209639,1,17,0.5000227,0.44119116,0.789135009
58,grid-009-l,obs-3,R,U,8,3,2,4,0.322012736,1,17,1,0.322012736,0.569864141
59,grid-009-l,obs-4,L,U,15,3,4,6,0.010987639,4.54E-05,17,4.54E-05,0.010519416,0.36064673
60,grid-009-l,obs-5,R,L,5,5,1,2,0.013172681,4.54E-05,17,0.5000227,0.44119116,0.057589616
127,grid-009-n,obs-0,L,NaN,5,3,1,3,0.335027551,1,22,0.50003255,0.173617709,0.431985526
128,grid-009-n,obs-1,L,L,1,8,5,7,0.014867946,8.48E-05,22,0.5000424,0.174947749,0.373333333
129,grid-009-n,obs-2,R,L,8,10,5,7,0.449030971,0.499473485,22,0.749736743,0.476344291,0.665449362
130,grid-009-n,obs-3,R,U,14,3,2,4,0.233469504,1,22,1,0.233469504,0.446794369
131,grid-009-n,obs-4,L,U,10,3,4,6,0.009547786,4.54E-05,22,0.5000227,0.172287669,0.383131529
132,grid-009-n,obs-5,R,L,8,5,1,2,0.50365761,1,22,0.749736743,0.476344291,0.711889461
61,grid-010-l,obs-0,L,U,8,6,4,6,0.117962466,0.006687203,18,0.003366302,0.065406807,0.434738303
62,grid-010-l,obs-1,R,NaN,12,3,1,3,0.161499009,1,18,0.5000227,0.086548549,0.376203007
63,grid-010-l,obs-2,R,L,8,4,2,4,0.011598088,4.54E-05,18,0.5000227,0.086548549,0
64,grid-010-l,obs-3,L,L,1,11,5,7,0.835761744,1,18,0.5000227,0.424262735,0.932283752
65,grid-010-l,obs-4,R,U,14,2,3,5,0.012938571,4.54E-05,18,0.003366302,0.065450519,0.281801256
66,grid-010-l,obs-5,L,NaN,4,8,3,5,0.012763725,4.54E-05,18,0.251694501,0.244812915,0.139103323
133,grid-010-n,obs-0,L,U,13,6,4,6,0.089677781,0.006685128,24,0.003365264,0.050381745,0.499412852
134,grid-010-n,obs-1,R,NaN,3,3,1,3,0.424147004,1,24,1,0.583034983,0.52502002
135,grid-010-n,obs-2,R,L,1,4,2,4,0.741922961,1,24,1,0.583034983,0.897900838
136,grid-010-n,obs-3,L,L,8,11,5,7,0.036492257,0.000552454,24,0.000298927,0.023724281,0.201842173
137,grid-010-n,obs-4,R,U,9,2,3,5,0.011215115,4.54E-05,24,0.003365264,0.050446448,0.317167097
138,grid-010-n,obs-5,L,NaN,10,8,3,5,0.010956304,4.54E-05,24,0.001832096,0.037020662,0.167383106
67,grid-011-l,obs-0,L,U,9,2,3,5,0.010841655,4.54E-05,15,0.5000227,0.293366619,0.194819025
68,grid-011-l,obs-1,R,NaN,12,7,3,5,0.011840228,4.54E-05,15,4.54E-05,0.011911555,0.054394417
69,grid-011-l,obs-2,R,L,8,8,3,5,0.011982882,4.54E-05,15,4.54E-05,0.011911555,0.118899994
70,grid-011-l,obs-3,L,L,1,9,4,6,0.846932953,1,15,1,0.711412268,0.91756746
71,grid-011-l,obs-4,R,U,15,3,4,6,0.011269615,4.54E-05,15,4.54E-05,0.011269615,0.187964122
72,grid-011-l,obs-5,L,NaN,4,6,2,4,0.575891583,1,15,0.75001135,0.502389444,0.55725498
139,grid-011-n,obs-0,L,U,14,2,3,5,0.010598094,4.54E-05,13,4.54E-05,0.009653303,0.088655616
140,grid-011-n,obs-1,R,NaN,3,7,3,5,0.660778837,1,13,0.996647172,0.72769471,0.495645348
141,grid-011-n,obs-2,R,L,1,8,3,5,0.794610582,0.993294343,13,0.996647172,0.72769471,0.698454607
142,grid-011-n,obs-3,L,L,8,9,4,6,0.011666119,4.54E-05,13,4.54E-05,0.010187315,0.105525269
143,grid-011-n,obs-4,R,U,9,3,4,6,0.092507394,0.00668886,13,0.00668886,0.092507394,0.375093741
144,grid-011-n,obs-5,L,NaN,12,6,2,4,0.008708511,4.54E-05,13,4.54E-05,0.009920309,0.093789152